DATAFLOW,LAST UPDATE,freq,reporter,product,indicators,TIME_PERIOD,OBS_VALUE
ESTAT:DS-059358(1.0),28/07/26 11:00:00,A,AT,16291500,EXPQNT,2020,874665100
ESTAT:DS-059358(1.0),28/07/26 11:00:00,A,AT,16291500,EXPVAL,2020,174312368
ESTAT:DS-059358(1.0),28/07/26 11:00:00,A,AT,16291500,IMPQNT,2020,473727568
ESTAT:DS-059358(1.0),28/07/26 11:00:00,A,AT,16291500,IMPVAL,2020,75164094
ESTAT:DS-059358(1.0),28/07/26 11:00:00,A,AT,16291500,PRODQNT,2020,1408369675
ESTAT:DS-059358(1.0),28/07/26 11:00:00,A,AT,16291500,PRODVAL,2020,262673048
ESTAT:DS-059358(1.0),28/07/26 11:00:00,A,AT,16291500,QNTUNIT,2020,KG
ESTAT:DS-059358(1.0),28/07/26 11:00:00,A,BA,16291500,PRODQNT,2020,200432261
ESTAT:DS-059358(1.0),28/07/26 11:00:00,A,BA,16291500,PRODVAL,2020,28187296
ESTAT:DS-059358(1.0),28/07/26 11:00:00,A,BA,16291500,QNTUNIT,2020,KG
ESTAT:DS-059358(1.0),28/07/26 11:00:00,A,BE,16291500,EXPQNT,2020,663732960
ESTAT:DS-059358(1.0),28/07/26 11:00:00,A,BE,16291500,EXPVAL,2020,108853476
ESTAT:DS-059358(1.0),28/07/26 11:00:00,A,BE,16291500,IMPQNT,2020,1431955926
ESTAT:DS-059358(1.0),28/07/26 11:00:00,A,BE,16291500,IMPVAL,2020,223882121
ESTAT:DS-059358(1.0),28/07/26 11:00:00,A,BE,16291500,PQNTFLAG,2020,:C
ESTAT:DS-059358(1.0),28/07/26 11:00:00,A,BE,16291500,PVALFLAG,2020,:C
ESTAT:DS-059358(1.0),28/07/26 11:00:00,A,BE,16291500,QNTUNIT,2020,KG
ESTAT:DS-059358(1.0),28/07/26 11:00:00,A,BG,16291500,EXPQNT,2020,190455203
ESTAT:DS-059358(1.0),28/07/26 11:00:00,A,BG,16291500,EXPVAL,2020,31376294
ESTAT:DS-059358(1.0),28/07/26 11:00:00,A,BG,16291500,IMPQNT,2020,100463601
ESTAT:DS-059358(1.0),28/07/26 11:00:00,A,BG,16291500,IMPVAL,2020,15219546
ESTAT:DS-059358(1.0),28/07/26 11:00:00,A,BG,16291500,PRODQNT,2020,206951111
ESTAT:DS-059358(1.0),28/07/26 11:00:00,A,BG,16291500,PRODVAL,2020,31808830
ESTAT:DS-059358(1.0),28/07/26 11:00:00,A,BG,16291500,QNTUNIT,2020,KG
ESTAT:DS-059358(1.0),28/07/26 11:00:00,A,CY,16291500,EXPQNT,2020,94
ESTAT:DS-059358(1.0),28/07/26 11:00:00,A,CY,16291500,EXPVAL,2020,74
ESTAT:DS-059358(1.0),28/07/26 11:00:00,A,CY,16291500,IMPQNT,2020,4671322
ESTAT:DS-059358(1.0),28/07/26 11:00:00,A,CY,16291500,IMPVAL,2020,963132
ESTAT:DS-059358(1.0),28/07/26 11:00:00,A,CY,16291500,PRODQNT,2020,0
ESTAT:DS-059358(1.0),28/07/26 11:00:00,A,CY,16291500,PRODVAL,2020,0
ESTAT:DS-059358(1.0),28/07/26 11:00:00,A,CY,16291500,QNTUNIT,2020,KG
ESTAT:DS-059358(1.0),28/07/26 11:00:00,A,CZ,16291500,EXPQNT,2020,405747291
ESTAT:DS-059358(1.0),28/07/26 11:00:00,A,CZ,16291500,EXPVAL,2020,71942391
ESTAT:DS-059358(1.0),28/07/26 11:00:00,A,CZ,16291500,IMPQNT,2020,79923081
ESTAT:DS-059358(1.0),28/07/26 11:00:00,A,CZ,16291500,IMPVAL,2020,11538006
ESTAT:DS-059358(1.0),28/07/26 11:00:00,A,CZ,16291500,PRODQNT,2020,348903138
ESTAT:DS-059358(1.0),28/07/26 11:00:00,A,CZ,16291500,PRODVAL,2020,54866717
ESTAT:DS-059358(1.0),28/07/26 11:00:00,A,CZ,16291500,QNTUNIT,2020,KG
ESTAT:DS-059358(1.0),28/07/26 11:00:00,A,DE,16291500,EXPQNT,2020,868846620
ESTAT:DS-059358(1.0),28/07/26 11:00:00,A,DE,16291500,EXPVAL,2020,181503402
ESTAT:DS-059358(1.0),28/07/26 11:00:00,A,DE,16291500,IMPQNT,2020,582185359
ESTAT:DS-059358(1.0),28/07/26 11:00:00,A,DE,16291500,IMPVAL,2020,84914820
ESTAT:DS-059358(1.0),28/07/26 11:00:00,A,DE,16291500,PRODQNT,2020,3560724000
ESTAT:DS-059358(1.0),28/07/26 11:00:00,A,DE,16291500,PRODVAL,2020,398910691
ESTAT:DS-059358(1.0),28/07/26 11:00:00,A,DE,16291500,QNTUNIT,2020,KG
ESTAT:DS-059358(1.0),28/07/26 11:00:00,A,DK,16291500,EXPQNT,2020,1427364099
ESTAT:DS-059358(1.0),28/07/26 11:00:00,A,DK,16291500,EXPVAL,2020,215711286
ESTAT:DS-059358(1.0),28/07/26 11:00:00,A,DK,16291500,IMPQNT,2020,2748799225
ESTAT:DS-059358(1.0),28/07/26 11:00:00,A,DK,16291500,IMPVAL,2020,399600937
ESTAT:DS-059358(1.0),28/07/26 11:00:00,A,DK,16291500,PRODQNT,2020,59348994
ESTAT:DS-059358(1.0),28/07/26 11:00:00,A,DK,16291500,PRODVAL,2020,10572563
ESTAT:DS-059358(1.0),28/07/26 11:00:00,A,DK,16291500,QNTUNIT,2020,KG
ESTAT:DS-059358(1.0),28/07/26 11:00:00,A,EE,16291500,EXPQNT,2020,1105954430
ESTAT:DS-059358(1.0),28/07/26 11:00:00,A,EE,16291500,EXPVAL,2020,164663662
ESTAT:DS-059358(1.0),28/07/26 11:00:00,A,EE,16291500,IMPQNT,2020,21399058
ESTAT:DS-059358(1.0),28/07/26 11:00:00,A,EE,16291500,IMPVAL,2020,2243620
ESTAT:DS-059358(1.0),28/07/26 11:00:00,A,EE,16291500,PRODQNT,2020,2456423900
ESTAT:DS-059358(1.0),28/07/26 11:00:00,A,EE,16291500,PRODVAL,2020,209242271
ESTAT:DS-059358(1.0),28/07/26 11:00:00,A,EE,16291500,PVALFLAG,2020,:E
ESTAT:DS-059358(1.0),28/07/26 11:00:00,A,EE,16291500,QNTUNIT,2020,KG
ESTAT:DS-059358(1.0),28/07/26 11:00:00,A,ES,16291500,EXPQNT,2020,254371971
ESTAT:DS-059358(1.0),28/07/26 11:00:00,A,ES,16291500,EXPVAL,2020,38659953
ESTAT:DS-059358(1.0),28/07/26 11:00:00,A,ES,16291500,IMPQNT,2020,174756541
ESTAT:DS-059358(1.0),28/07/26 11:00:00,A,ES,16291500,IMPVAL,2020,27609930
ESTAT:DS-059358(1.0),28/07/26 11:00:00,A,ES,16291500,PRODQNT,2020,530299463
ESTAT:DS-059358(1.0),28/07/26 11:00:00,A,ES,16291500,PRODVAL,2020,72619817
ESTAT:DS-059358(1.0),28/07/26 11:00:00,A,ES,16291500,QNTUNIT,2020,KG
ESTAT:DS-059358(1.0),28/07/26 11:00:00,A,EU27_2020,16291500,EXPQNT,2020,1312967456
ESTAT:DS-059358(1.0),28/07/26 11:00:00,A,EU27_2020,16291500,EXPVAL,2020,231046253
ESTAT:DS-059358(1.0),28/07/26 11:00:00,A,EU27_2020,16291500,IMPQNT,2020,5374295028
ESTAT:DS-059358(1.0),28/07/26 11:00:00,A,EU27_2020,16291500,IMPVAL,2020,752053014
ESTAT:DS-059358(1.0),28/07/26 11:00:00,A,EU27_2020,16291500,PQNTFLAG,2020,:E
ESTAT:DS-059358(1.0),28/07/26 11:00:00,A,EU27_2020,16291500,PRODQNT,2020,18361333652
ESTAT:DS-059358(1.0),28/07/26 11:00:00,A,EU27_2020,16291500,PRODVAL,2020,2486897394
ESTAT:DS-059358(1.0),28/07/26 11:00:00,A,EU27_2020,16291500,PVALFLAG,2020,:E
ESTAT:DS-059358(1.0),28/07/26 11:00:00,A,EU27_2020,16291500,QNTUNIT,2020,KG
ESTAT:DS-059358(1.0),28/07/26 11:00:00,A,FI,16291500,EXPQNT,2020,14624744
ESTAT:DS-059358(1.0),28/07/26 11:00:00,A,FI,16291500,EXPVAL,2020,1596717
ESTAT:DS-059358(1.0),28/07/26 11:00:00,A,FI,16291500,IMPQNT,2020,151031817
ESTAT:DS-059358(1.0),28/07/26 11:00:00,A,FI,16291500,IMPVAL,2020,16667732
ESTAT:DS-059358(1.0),28/07/26 11:00:00,A,FI,16291500,PRODQNT,2020,230719301
ESTAT:DS-059358(1.0),28/07/26 11:00:00,A,FI,16291500,PRODVAL,2020,37336389
ESTAT:DS-059358(1.0),28/07/26 11:00:00,A,FI,16291500,QNTUNIT,2020,KG
ESTAT:DS-059358(1.0),28/07/26 11:00:00,A,FR,16291500,EXPQNT,2020,285927851
ESTAT:DS-059358(1.0),28/07/26 11:00:00,A,FR,16291500,EXPVAL,2020,25411107
ESTAT:DS-059358(1.0),28/07/26 11:00:00,A,FR,16291500,IMPQNT,2020,547561307
ESTAT:DS-059358(1.0),28/07/26 11:00:00,A,FR,16291500,IMPVAL,2020,97704374
ESTAT:DS-059358(1.0),28/07/26 11:00:00,A,FR,16291500,PRODQNT,2020,907742943
ESTAT:DS-059358(1.0),28/07/26 11:00:00,A,FR,16291500,PRODVAL,2020,198977403
ESTAT:DS-059358(1.0),28/07/26 11:00:00,A,FR,16291500,QNTUNIT,2020,KG
ESTAT:DS-059358(1.0),28/07/26 11:00:00,A,GR,16291500,EXPQNT,2020,13709952
ESTAT:DS-059358(1.0),28/07/26 11:00:00,A,GR,16291500,EXPVAL,2020,2665006
ESTAT:DS-059358(1.0),28/07/26 11:00:00,A,GR,16291500,IMPQNT,2020,72838863
ESTAT:DS-059358(1.0),28/07/26 11:00:00,A,GR,16291500,IMPVAL,2020,11247640
ESTAT:DS-059358(1.0),28/07/26 11:00:00,A,GR,16291500,PRODQNT,2020,50909641
ESTAT:DS-059358(1.0),28/07/26 11:00:00,A,GR,16291500,PRODVAL,2020,8542627
ESTAT:DS-059358(1.0),28/07/26 11:00:00,A,GR,16291500,QNTUNIT,2020,KG
ESTAT:DS-059358(1.0),28/07/26 11:00:00,A,HR,16291500,EXPQNT,2020,407679604
ESTAT:DS-059358(1.0),28/07/26 11:00:00,A,HR,16291500,EXPVAL,2020,60828171
ESTAT:DS-059358(1.0),28/07/26 11:00:00,A,HR,16291500,IMPQNT,2020,48092263
ESTAT:DS-059358(1.0),28/07/26 11:00:00,A,HR,16291500,IMPVAL,2020,7747181
ESTAT:DS-059358(1.0),28/07/26 11:00:00,A,HR,16291500,PRODQNT,2020,333180000
ESTAT:DS-059358(1.0),28/07/26 11:00:00,A,HR,16291500,PRODVAL,2020,51768732
ESTAT:DS-059358(1.0),28/07/26 11:00:00,A,HR,16291500,QNTUNIT,2020,KG
ESTAT:DS-059358(1.0),28/07/26 11:00:00,A,HU,16291500,EXPQNT,2020,22604558
ESTAT:DS-059358(1.0),28/07/26 11:00:00,A,HU,16291500,EXPVAL,2020,2804893
ESTAT:DS-059358(1.0),28/07/26 11:00:00,A,HU,16291500,IMPQNT,2020,83844074
ESTAT:DS-059358(1.0),28/07/26 11:00:00,A,HU,16291500,IMPVAL,2020,6662233
ESTAT:DS-059358(1.0),28/07/26 11:00:00,A,HU,16291500,PRODQNT,2020,16880000
ESTAT:DS-059358(1.0),28/07/26 11:00:00,A,HU,16291500,PRODVAL,2020,3256991
ESTAT:DS-059358(1.0),28/07/26 11:00:00,A,HU,16291500,QNTUNIT,2020,KG
ESTAT:DS-059358(1.0),28/07/26 11:00:00,A,IE,16291500,EXPQNT,2020,62141438
ESTAT:DS-059358(1.0),28/07/26 11:00:00,A,IE,16291500,EXPVAL,2020,17937012
ESTAT:DS-059358(1.0),28/07/26 11:00:00,A,IE,16291500,IMPQNT,2020,61715185
ESTAT:DS-059358(1.0),28/07/26 11:00:00,A,IE,16291500,IMPVAL,2020,12601954
ESTAT:DS-059358(1.0),28/07/26 11:00:00,A,IE,16291500,PQNTFLAG,2020,:C
ESTAT:DS-059358(1.0),28/07/26 11:00:00,A,IE,16291500,PVALFLAG,2020,:C
ESTAT:DS-059358(1.0),28/07/26 11:00:00,A,IE,16291500,QNTUNIT,2020,KG
ESTAT:DS-059358(1.0),28/07/26 11:00:00,A,IS,16291500,PRODQNT,2020,0
ESTAT:DS-059358(1.0),28/07/26 11:00:00,A,IS,16291500,PRODVAL,2020,0
ESTAT:DS-059358(1.0),28/07/26 11:00:00,A,IS,16291500,QNTUNIT,2020,KG
ESTAT:DS-059358(1.0),28/07/26 11:00:00,A,IT,16291500,EXPQNT,2020,13465813
ESTAT:DS-059358(1.0),28/07/26 11:00:00,A,IT,16291500,EXPVAL,2020,6087509
ESTAT:DS-059358(1.0),28/07/26 11:00:00,A,IT,16291500,IMPQNT,2020,2322275125
ESTAT:DS-059358(1.0),28/07/26 11:00:00,A,IT,16291500,IMPVAL,2020,433407770
ESTAT:DS-059358(1.0),28/07/26 11:00:00,A,IT,16291500,PRODQNT,2020,8599000
ESTAT:DS-059358(1.0),28/07/26 11:00:00,A,IT,16291500,PRODVAL,2020,1598000
ESTAT:DS-059358(1.0),28/07/26 11:00:00,A,IT,16291500,QNTUNIT,2020,KG
ESTAT:DS-059358(1.0),28/07/26 11:00:00,A,LT,16291500,EXPQNT,2020,687607518
ESTAT:DS-059358(1.0),28/07/26 11:00:00,A,LT,16291500,EXPVAL,2020,104706403
ESTAT:DS-059358(1.0),28/07/26 11:00:00,A,LT,16291500,IMPQNT,2020,369647821
ESTAT:DS-059358(1.0),28/07/26 11:00:00,A,LT,16291500,IMPVAL,2020,40090157
ESTAT:DS-059358(1.0),28/07/26 11:00:00,A,LT,16291500,PRODQNT,2020,531378692
ESTAT:DS-059358(1.0),28/07/26 11:00:00,A,LT,16291500,PRODVAL,2020,67187964
ESTAT:DS-059358(1.0),28/07/26 11:00:00,A,LT,16291500,QNTUNIT,2020,KG
ESTAT:DS-059358(1.0),28/07/26 11:00:00,A,LU,16291500,EXPQNT,2020,27673596
ESTAT:DS-059358(1.0),28/07/26 11:00:00,A,LU,16291500,EXPVAL,2020,3956942
ESTAT:DS-059358(1.0),28/07/26 11:00:00,A,LU,16291500,IMPQNT,2020,12819867
ESTAT:DS-059358(1.0),28/07/26 11:00:00,A,LU,16291500,IMPVAL,2020,2817458
ESTAT:DS-059358(1.0),28/07/26 11:00:00,A,LU,16291500,PRODQNT,2020,0
ESTAT:DS-059358(1.0),28/07/26 11:00:00,A,LU,16291500,PRODVAL,2020,0
ESTAT:DS-059358(1.0),28/07/26 11:00:00,A,LU,16291500,QNTUNIT,2020,KG
ESTAT:DS-059358(1.0),28/07/26 11:00:00,A,LV,16291500,EXPQNT,2020,2377715192
ESTAT:DS-059358(1.0),28/07/26 11:00:00,A,LV,16291500,EXPVAL,2020,329058055
ESTAT:DS-059358(1.0),28/07/26 11:00:00,A,LV,16291500,IMPQNT,2020,446407797
ESTAT:DS-059358(1.0),28/07/26 11:00:00,A,LV,16291500,IMPVAL,2020,47875185
ESTAT:DS-059358(1.0),28/07/26 11:00:00,A,LV,16291500,PRODQNT,2020,1921489202
ESTAT:DS-059358(1.0),28/07/26 11:00:00,A,LV,16291500,PRODVAL,2020,251763565
ESTAT:DS-059358(1.0),28/07/26 11:00:00,A,LV,16291500,QNTUNIT,2020,KG
ESTAT:DS-059358(1.0),28/07/26 11:00:00,A,ME,16291500,PRODQNT,2020,62918000
ESTAT:DS-059358(1.0),28/07/26 11:00:00,A,ME,16291500,PRODVAL,2020,7915000
ESTAT:DS-059358(1.0),28/07/26 11:00:00,A,ME,16291500,QNTUNIT,2020,KG
ESTAT:DS-059358(1.0),28/07/26 11:00:00,A,MK,16291500,PQNTFLAG,2020,:C
ESTAT:DS-059358(1.0),28/07/26 11:00:00,A,MK,16291500,PVALFLAG,2020,:C
ESTAT:DS-059358(1.0),28/07/26 11:00:00,A,MK,16291500,QNTUNIT,2020,KG
ESTAT:DS-059358(1.0),28/07/26 11:00:00,A,MT,16291500,EXPQNT,2020,0
ESTAT:DS-059358(1.0),28/07/26 11:00:00,A,MT,16291500,EXPVAL,2020,0
ESTAT:DS-059358(1.0),28/07/26 11:00:00,A,MT,16291500,IMPQNT,2020,725150
ESTAT:DS-059358(1.0),28/07/26 11:00:00,A,MT,16291500,IMPVAL,2020,202064
ESTAT:DS-059358(1.0),28/07/26 11:00:00,A,MT,16291500,PRODQNT,2020,0
ESTAT:DS-059358(1.0),28/07/26 11:00:00,A,MT,16291500,PRODVAL,2020,0
ESTAT:DS-059358(1.0),28/07/26 11:00:00,A,MT,16291500,QNTUNIT,2020,KG
ESTAT:DS-059358(1.0),28/07/26 11:00:00,A,NL,16291500,EXPQNT,2020,347513459
ESTAT:DS-059358(1.0),28/07/26 11:00:00,A,NL,16291500,EXPVAL,2020,87418309
ESTAT:DS-059358(1.0),28/07/26 11:00:00,A,NL,16291500,IMPQNT,2020,2489611046
ESTAT:DS-059358(1.0),28/07/26 11:00:00,A,NL,16291500,IMPVAL,2020,410737426
ESTAT:DS-059358(1.0),28/07/26 11:00:00,A,NL,16291500,PQNTFLAG,2020,:C
ESTAT:DS-059358(1.0),28/07/26 11:00:00,A,NL,16291500,PVALFLAG,2020,:C
ESTAT:DS-059358(1.0),28/07/26 11:00:00,A,NL,16291500,QNTUNIT,2020,KG
ESTAT:DS-059358(1.0),28/07/26 11:00:00,A,NO,16291500,PRODQNT,2020,0
ESTAT:DS-059358(1.0),28/07/26 11:00:00,A,NO,16291500,PRODVAL,2020,0
ESTAT:DS-059358(1.0),28/07/26 11:00:00,A,NO,16291500,QNTUNIT,2020,KG
ESTAT:DS-059358(1.0),28/07/26 11:00:00,A,PL,16291500,EXPQNT,2020,710983471
ESTAT:DS-059358(1.0),28/07/26 11:00:00,A,PL,16291500,EXPVAL,2020,121143623
ESTAT:DS-059358(1.0),28/07/26 11:00:00,A,PL,16291500,IMPQNT,2020,176288658
ESTAT:DS-059358(1.0),28/07/26 11:00:00,A,PL,16291500,IMPVAL,2020,21478633
ESTAT:DS-059358(1.0),28/07/26 11:00:00,A,PL,16291500,PRODQNT,2020,1482212464
ESTAT:DS-059358(1.0),28/07/26 11:00:00,A,PL,16291500,PRODVAL,2020,192649786
ESTAT:DS-059358(1.0),28/07/26 11:00:00,A,PL,16291500,QNTUNIT,2020,KG
ESTAT:DS-059358(1.0),28/07/26 11:00:00,A,PT,16291500,EXPQNT,2020,631386793
ESTAT:DS-059358(1.0),28/07/26 11:00:00,A,PT,16291500,EXPVAL,2020,85990474
ESTAT:DS-059358(1.0),28/07/26 11:00:00,A,PT,16291500,IMPQNT,2020,28977944
ESTAT:DS-059358(1.0),28/07/26 11:00:00,A,PT,16291500,IMPVAL,2020,3290797
ESTAT:DS-059358(1.0),28/07/26 11:00:00,A,PT,16291500,PQNTFLAG,2020,:C
ESTAT:DS-059358(1.0),28/07/26 11:00:00,A,PT,16291500,PVALFLAG,2020,:C
ESTAT:DS-059358(1.0),28/07/26 11:00:00,A,PT,16291500,QNTUNIT,2020,KG
ESTAT:DS-059358(1.0),28/07/26 11:00:00,A,RO,16291500,EXPQNT,2020,409910993
ESTAT:DS-059358(1.0),28/07/26 11:00:00,A,RO,16291500,EXPVAL,2020,64483145
ESTAT:DS-059358(1.0),28/07/26 11:00:00,A,RO,16291500,IMPQNT,2020,50515328
ESTAT:DS-059358(1.0),28/07/26 11:00:00,A,RO,16291500,IMPVAL,2020,7210142
ESTAT:DS-059358(1.0),28/07/26 11:00:00,A,RO,16291500,PRODQNT,2020,538620426
ESTAT:DS-059358(1.0),28/07/26 11:00:00,A,RO,16291500,PRODVAL,2020,78905030
ESTAT:DS-059358(1.0),28/07/26 11:00:00,A,RO,16291500,QNTUNIT,2020,KG
ESTAT:DS-059358(1.0),28/07/26 11:00:00,A,SE,16291500,EXPQNT,2020,182467278
ESTAT:DS-059358(1.0),28/07/26 11:00:00,A,SE,16291500,EXPVAL,2020,30499186
ESTAT:DS-059358(1.0),28/07/26 11:00:00,A,SE,16291500,IMPQNT,2020,484137519
ESTAT:DS-059358(1.0),28/07/26 11:00:00,A,SE,16291500,IMPVAL,2020,23284923
ESTAT:DS-059358(1.0),28/07/26 11:00:00,A,SE,16291500,PQNTFLAG,2020,:U
ESTAT:DS-059358(1.0),28/07/26 11:00:00,A,SE,16291500,PVALFLAG,2020,:U
ESTAT:DS-059358(1.0),28/07/26 11:00:00,A,SE,16291500,QNTUNIT,2020,KG
ESTAT:DS-059358(1.0),28/07/26 11:00:00,A,SI,16291500,EXPQNT,2020,325621177
ESTAT:DS-059358(1.0),28/07/26 11:00:00,A,SI,16291500,EXPVAL,2020,57433643
ESTAT:DS-059358(1.0),28/07/26 11:00:00,A,SI,16291500,IMPQNT,2020,376877356
ESTAT:DS-059358(1.0),28/07/26 11:00:00,A,SI,16291500,IMPVAL,2020,54109155
ESTAT:DS-059358(1.0),28/07/26 11:00:00,A,SI,16291500,PRODQNT,2020,100433776
ESTAT:DS-059358(1.0),28/07/26 11:00:00,A,SI,16291500,PRODVAL,2020,17940368
ESTAT:DS-059358(1.0),28/07/26 11:00:00,A,SI,16291500,QNTUNIT,2020,KG
ESTAT:DS-059358(1.0),28/07/26 11:00:00,A,SK,16291500,EXPQNT,2020,170306429
ESTAT:DS-059358(1.0),28/07/26 11:00:00,A,SK,16291500,EXPVAL,2020,33735484
ESTAT:DS-059358(1.0),28/07/26 11:00:00,A,SK,16291500,IMPQNT,2020,55710208
ESTAT:DS-059358(1.0),28/07/26 11:00:00,A,SK,16291500,IMPVAL,2020,7020315
ESTAT:DS-059358(1.0),28/07/26 11:00:00,A,SK,16291500,PRODQNT,2020,55423369
ESTAT:DS-059358(1.0),28/07/26 11:00:00,A,SK,16291500,PRODVAL,2020,11228400
ESTAT:DS-059358(1.0),28/07/26 11:00:00,A,SK,16291500,QNTUNIT,2020,KG
ESTAT:DS-059358(1.0),28/07/26 11:00:00,A,XS,16291500,PRODQNT,2020,272668200
ESTAT:DS-059358(1.0),28/07/26 11:00:00,A,XS,16291500,PRODVAL,2020,41633139
ESTAT:DS-059358(1.0),28/07/26 11:00:00,A,XS,16291500,QNTUNIT,2020,KG
