variable,i,d,t,value
qD,,A,2019,5336.341960000001
qD,,A,2020,5212.289530000001
qD,,B,2019,30.71454
qD,,B,2020,30.55608
qD,,C,2019,8248.87777
qD,,C,2020,8412.67317
qD,,D,2019,11.885929999999998
qD,,D,2020,4.5378
qD,,E,2019,343.7682
qD,,E,2020,317.19766999999996
qD,,F,2019,15.59572
qD,,F,2020,11.17442
qD,,G,2019,134.57835
qD,,G,2020,125.78742999999997
qD,,H,2019,182.01192
qD,,H,2020,188.79083999999995
qD,,I,2019,39.83524
qD,,I,2020,38.43389
qD,,J,2019,43.12092
qD,,J,2020,44.16772999999999
qD,,K,2019,593.8694700000001
qD,,K,2020,579.80786
qD,,L,2019,1295.6525600000002
qD,,L,2020,1283.4504000000002
qD,,M,2019,1079.7180699999997
qD,,M,2020,1065.3889500000002
qD,,N,2019,2371.75375
qD,,N,2020,2399.46482
qD,,O,2019,113.00971999999999
qD,,O,2020,116.52520000000003
qD,,P,2019,2362.6660100000004
qD,,P,2020,2359.2104
qD,,Q,2019,137.64401000000004
qD,,Q,2020,113.70717
qD,,R,2019,15188.241970000003
qD,,R,2020,14963.794779999998
qD,,S,2019,660.9326799999998
qD,,S,2020,617.361
qD,,cGov,2019,720.09182
qD,,cGov,2020,724.28149
qD,,cHh,2019,151.54877
qD,,cHh,2020,141.29658999999998
qD,,energy,2019,14.498700000000001
qD,,energy,2020,14.65228
qD,,iB,2019,0.00346
qD,,iB,2020,0.00279
qD,,iM,2019,478.93793
qD,,iM,2020,475.88418999999993
qD,,xOth,2019,11.379
qD,,xOth,2020,12.375309999999999
vM_i_d,A,C,2019,8.222960000000002
vM_i_d,A,C,2020,6.903039999999999
vM_i_d,A,D,2019,0.01128
vM_i_d,A,D,2020,0.0062699999999999995
vM_i_d,A,E,2019,9.59323
vM_i_d,A,E,2020,8.394440000000001
vM_i_d,A,F,2019,0.21521
vM_i_d,A,F,2020,0.15092
vM_i_d,A,H,2019,9.95365
vM_i_d,A,H,2020,10.740100000000002
vM_i_d,A,I,2019,0.10299
vM_i_d,A,I,2020,0.06697
vM_i_d,A,J,2019,0.14659
vM_i_d,A,J,2020,0.16379000000000002
vM_i_d,A,M,2019,3.04045
vM_i_d,A,M,2020,3.0648
vM_i_d,A,N,2019,0.16752
vM_i_d,A,N,2020,0.15379
vM_i_d,A,O,2019,0.9558800000000001
vM_i_d,A,O,2020,0.9953399999999999
vM_i_d,A,P,2019,0.77108
vM_i_d,A,P,2020,0.76338
vM_i_d,A,Q,2019,0.05398000000000001
vM_i_d,A,Q,2020,0.04751
vM_i_d,A,S,2019,0.75602
vM_i_d,A,S,2020,0.77165
vM_i_d,A,cGov,2019,10.858649999999999
vM_i_d,A,cGov,2020,8.54835
vM_i_d,A,cHh,2019,0.02649
vM_i_d,A,cHh,2020,0.02151
vM_i_d,A,iM,2019,0.17277
vM_i_d,A,iM,2020,0.12868000000000002
vM_i_d,B,C,2019,0.15175
vM_i_d,B,C,2020,0.19386
vM_i_d,B,D,2019,4.0e-5
vM_i_d,B,D,2020,5.0e-5
vM_i_d,B,E,2019,0.01968
vM_i_d,B,E,2020,0.03958
vM_i_d,B,F,2019,0.07745
vM_i_d,B,F,2020,0.01575
vM_i_d,B,H,2019,0.04773
vM_i_d,B,H,2020,0.09965000000000002
vM_i_d,B,J,2019,0.019889999999999998
vM_i_d,B,J,2020,0.023580000000000004
vM_i_d,B,M,2019,0.43928999999999996
vM_i_d,B,M,2020,0.56096
vM_i_d,B,N,2019,0.0077
vM_i_d,B,N,2020,0.006670000000000001
vM_i_d,B,O,2019,0.0010500000000000002
vM_i_d,B,O,2020,0.00155
vM_i_d,B,P,2019,0.0
vM_i_d,B,P,2020,0.0
vM_i_d,B,Q,2019,0.023809999999999998
vM_i_d,B,Q,2020,0.022850000000000002
vM_i_d,B,S,2019,0.00065
vM_i_d,B,S,2020,0.0007
vM_i_d,B,cGov,2019,0.8880399999999999
vM_i_d,B,cGov,2020,0.37181000000000003
vM_i_d,B,cHh,2019,0.00028000000000000003
vM_i_d,B,cHh,2020,0.00025
vM_i_d,B,energy,2019,0.7890400000000001
vM_i_d,B,energy,2020,0.9652000000000001
vM_i_d,B,iM,2019,0.004
vM_i_d,B,iM,2020,0.00325
vM_i_d,C,C,2019,1432.4594200000006
vM_i_d,C,C,2020,1455.019109999999
vM_i_d,C,D,2019,0.2984800000000001
vM_i_d,C,D,2020,0.22143000000000002
vM_i_d,C,E,2019,73.47144999999999
vM_i_d,C,E,2020,61.941
vM_i_d,C,F,2019,3.01653
vM_i_d,C,F,2020,2.21531
vM_i_d,C,H,2019,58.069230000000005
vM_i_d,C,H,2020,62.687110000000004
vM_i_d,C,I,2019,1.3271199999999999
vM_i_d,C,I,2020,1.4092799999999999
vM_i_d,C,J,2019,7.933210000000002
vM_i_d,C,J,2020,8.20183
vM_i_d,C,K,2019,20.90564
vM_i_d,C,K,2020,21.860190000000003
vM_i_d,C,M,2019,1.8501500000000002
vM_i_d,C,M,2020,1.9125599999999998
vM_i_d,C,N,2019,17.16801
vM_i_d,C,N,2020,19.37902
vM_i_d,C,O,2019,10.98808
vM_i_d,C,O,2020,11.572380000000003
vM_i_d,C,P,2019,417.28105000000005
vM_i_d,C,P,2020,436.27601
vM_i_d,C,Q,2019,17.87313
vM_i_d,C,Q,2020,17.761409999999998
vM_i_d,C,S,2019,144.71528
vM_i_d,C,S,2020,138.46235000000001
vM_i_d,C,cGov,2019,164.67459
vM_i_d,C,cGov,2020,163.87472000000002
vM_i_d,C,cHh,2019,4.23414
vM_i_d,C,cHh,2020,3.80324
vM_i_d,C,iM,2019,17.83231
vM_i_d,C,iM,2020,18.598550000000003
vM_i_d,D,C,2019,1.77123
vM_i_d,D,C,2020,1.8855799999999998
vM_i_d,D,D,2019,0.0
vM_i_d,D,D,2020,0.0
vM_i_d,D,E,2019,0.00226
vM_i_d,D,E,2020,0.0020099999999999996
vM_i_d,D,F,2019,0.13965
vM_i_d,D,F,2020,0.021070000000000002
vM_i_d,D,H,2019,0.27161
vM_i_d,D,H,2020,0.32250999999999996
vM_i_d,D,I,2019,0.0065899999999999995
vM_i_d,D,I,2020,0.01331
vM_i_d,D,J,2019,0.12618000000000001
vM_i_d,D,J,2020,0.15744999999999998
vM_i_d,D,K,2019,0.08654
vM_i_d,D,K,2020,0.08584
vM_i_d,D,M,2019,0.01297
vM_i_d,D,M,2020,0.016360000000000003
vM_i_d,D,N,2019,1.0043700000000002
vM_i_d,D,N,2020,0.9345399999999999
vM_i_d,D,O,2019,5.0e-5
vM_i_d,D,O,2020,0.00020999999999999998
vM_i_d,D,P,2019,0.0
vM_i_d,D,P,2020,0.0
vM_i_d,D,Q,2019,0.0039900000000000005
vM_i_d,D,Q,2020,0.00413
vM_i_d,D,S,2019,10.11763
vM_i_d,D,S,2020,10.12401
vM_i_d,D,cGov,2019,0.00045
vM_i_d,D,cGov,2020,0.00027
vM_i_d,D,cHh,2019,0.00543
vM_i_d,D,cHh,2020,0.00635
vM_i_d,D,energy,2019,13.54307
vM_i_d,D,energy,2020,13.56702
vM_i_d,D,iM,2019,0.061669999999999996
vM_i_d,D,iM,2020,0.04933
vM_i_d,E,C,2019,125.76947
vM_i_d,E,C,2020,125.30549
vM_i_d,E,D,2019,0.02655
vM_i_d,E,D,2020,0.01912
vM_i_d,E,E,2019,237.35315000000003
vM_i_d,E,E,2020,222.44725
vM_i_d,E,F,2019,0.46014999999999995
vM_i_d,E,F,2020,0.23048
vM_i_d,E,H,2019,3.55451
vM_i_d,E,H,2020,3.74167
vM_i_d,E,I,2019,0.14283
vM_i_d,E,I,2020,0.12993000000000002
vM_i_d,E,J,2019,1.18078
vM_i_d,E,J,2020,1.21418
vM_i_d,E,K,2019,1.43422
vM_i_d,E,K,2020,1.48365
vM_i_d,E,M,2019,0.69884
vM_i_d,E,M,2020,0.66863
vM_i_d,E,N,2019,16.42129
vM_i_d,E,N,2020,15.5112
vM_i_d,E,O,2019,3.4792000000000005
vM_i_d,E,O,2020,3.62043
vM_i_d,E,P,2019,0.08036
vM_i_d,E,P,2020,0.1094
vM_i_d,E,Q,2019,0.05595
vM_i_d,E,Q,2020,0.04889
vM_i_d,E,S,2019,90.90482
vM_i_d,E,S,2020,87.10754
vM_i_d,E,cGov,2019,0.02469
vM_i_d,E,cGov,2020,0.021
vM_i_d,E,cHh,2019,0.23378
vM_i_d,E,cHh,2020,0.29832
vM_i_d,E,iM,2019,1.33697
vM_i_d,E,iM,2020,1.4085400000000001
vM_i_d,F,C,2019,0.38155
vM_i_d,F,C,2020,0.62599
vM_i_d,F,E,2019,0.019379999999999998
vM_i_d,F,E,2020,0.03933
vM_i_d,F,F,2019,0.24319
vM_i_d,F,F,2020,0.033729999999999996
vM_i_d,F,H,2019,0.48194
vM_i_d,F,H,2020,0.63895
vM_i_d,F,K,2019,0.71073
vM_i_d,F,K,2020,0.89473
vM_i_d,F,M,2019,1.39625
vM_i_d,F,M,2020,1.5173500000000002
vM_i_d,F,N,2019,0.09841
vM_i_d,F,N,2020,0.07314000000000001
vM_i_d,F,P,2019,0.0
vM_i_d,F,P,2020,0.0
vM_i_d,F,Q,2019,0.97002
vM_i_d,F,Q,2020,1.04266
vM_i_d,F,S,2019,9.94631
vM_i_d,F,S,2020,12.16015
vM_i_d,F,cGov,2019,2.0e-5
vM_i_d,F,cGov,2020,2.0e-5
vM_i_d,F,iB,2019,0.00346
vM_i_d,F,iB,2020,0.00279
vM_i_d,G,C,2019,240.79872999999998
vM_i_d,G,C,2020,248.94095
vM_i_d,G,D,2019,0.12839
vM_i_d,G,D,2020,0.1328
vM_i_d,G,E,2019,12.726609999999999
vM_i_d,G,E,2020,13.464310000000001
vM_i_d,G,H,2019,0.5708200000000001
vM_i_d,G,H,2020,0.6145600000000001
vM_i_d,G,J,2019,0.21706
vM_i_d,G,J,2020,0.30231
vM_i_d,G,K,2019,1.25911
vM_i_d,G,K,2020,1.3540599999999998
vM_i_d,G,M,2019,64.98057
vM_i_d,G,M,2020,61.596830000000004
vM_i_d,G,N,2019,2.71786
vM_i_d,G,N,2020,2.74086
vM_i_d,G,O,2019,1.23118
vM_i_d,G,O,2020,1.26037
vM_i_d,G,P,2019,0.02301
vM_i_d,G,P,2020,0.02869
vM_i_d,G,Q,2019,1.9268800000000001
vM_i_d,G,Q,2020,2.40337
vM_i_d,G,R,2019,69.73758000000001
vM_i_d,G,R,2020,68.22536
vM_i_d,G,S,2019,0.13083
vM_i_d,G,S,2020,0.11666
vM_i_d,G,cHh,2019,0.9906799999999999
vM_i_d,G,cHh,2020,0.9363699999999999
vM_i_d,G,iM,2019,2.61368
vM_i_d,G,iM,2020,3.03315
vM_i_d,H,C,2019,1030.18271
vM_i_d,H,C,2020,1023.09104
vM_i_d,H,D,2019,10.131149999999998
vM_i_d,H,D,2020,2.97872
vM_i_d,H,E,2019,0.15577000000000002
vM_i_d,H,E,2020,0.18036999999999997
vM_i_d,H,F,2019,1.51735
vM_i_d,H,F,2020,0.88788
vM_i_d,H,H,2019,0.93927
vM_i_d,H,H,2020,1.08258
vM_i_d,H,J,2019,0.4497
vM_i_d,H,J,2020,0.54969
vM_i_d,H,K,2019,2.54203
vM_i_d,H,K,2020,2.65787
vM_i_d,H,M,2019,79.59571000000001
vM_i_d,H,M,2020,74.12687999999997
vM_i_d,H,N,2019,7.376849999999999
vM_i_d,H,N,2020,7.39744
vM_i_d,H,O,2019,3.53204
vM_i_d,H,O,2020,3.75577
vM_i_d,H,P,2019,25.391309999999997
vM_i_d,H,P,2020,30.451189999999997
vM_i_d,H,Q,2019,9.796510000000001
vM_i_d,H,Q,2020,11.40927
vM_i_d,H,R,2019,50.0688
vM_i_d,H,R,2020,48.546730000000004
vM_i_d,H,S,2019,29.846000000000004
vM_i_d,H,S,2020,29.73142
vM_i_d,H,cHh,2019,7.2927
vM_i_d,H,cHh,2020,6.71553
vM_i_d,H,iM,2019,3.245989999999999
vM_i_d,H,iM,2020,3.56154
vM_i_d,I,C,2019,6.57914
vM_i_d,I,C,2020,6.575710000000001
vM_i_d,I,D,2019,0.00283
vM_i_d,I,D,2020,0.00304
vM_i_d,I,E,2019,5.0e-5
vM_i_d,I,E,2020,2.9999999999999997e-5
vM_i_d,I,F,2019,0.64212
vM_i_d,I,F,2020,0.11498
vM_i_d,I,H,2019,0.00394
vM_i_d,I,H,2020,0.009160000000000001
vM_i_d,I,J,2019,0.0007099999999999999
vM_i_d,I,J,2020,0.0008
vM_i_d,I,K,2019,0.78488
vM_i_d,I,K,2020,0.9097999999999999
vM_i_d,I,M,2019,0.29523000000000005
vM_i_d,I,M,2020,0.31198
vM_i_d,I,N,2019,0.00025
vM_i_d,I,N,2020,0.00023
vM_i_d,I,O,2019,1.0e-5
vM_i_d,I,O,2020,1.0e-5
vM_i_d,I,P,2019,0.0
vM_i_d,I,P,2020,0.0
vM_i_d,I,Q,2019,0.11837
vM_i_d,I,Q,2020,0.21559999999999999
vM_i_d,I,R,2019,0.00115
vM_i_d,I,R,2020,0.001
vM_i_d,I,S,2019,3.9098
vM_i_d,I,S,2020,4.023009999999999
vM_i_d,I,cHh,2019,0.07328
vM_i_d,I,cHh,2020,0.08211
vM_i_d,I,iM,2019,0.03458
vM_i_d,I,iM,2020,0.02154
vM_i_d,J,C,2019,346.89248999999995
vM_i_d,J,C,2020,332.67315999999994
vM_i_d,J,E,2019,0.12168999999999999
vM_i_d,J,E,2020,0.11408000000000001
vM_i_d,J,F,2019,1.89291
vM_i_d,J,F,2020,1.51071
vM_i_d,J,H,2019,0.82724
vM_i_d,J,H,2020,0.75331
vM_i_d,J,I,2019,1.0921100000000001
vM_i_d,J,I,2020,0.9843899999999999
vM_i_d,J,J,2019,9.43796
vM_i_d,J,J,2020,9.55731
vM_i_d,J,K,2019,17.59722
vM_i_d,J,K,2020,18.387269999999997
vM_i_d,J,M,2019,44.537259999999996
vM_i_d,J,M,2020,44.400040000000004
vM_i_d,J,N,2019,2.94828
vM_i_d,J,N,2020,3.1279500000000002
vM_i_d,J,O,2019,0.72799
vM_i_d,J,O,2020,0.73626
vM_i_d,J,P,2019,295.04832
vM_i_d,J,P,2020,308.93687
vM_i_d,J,Q,2019,6.25136
vM_i_d,J,Q,2020,6.6563099999999995
vM_i_d,J,R,2019,0.71311
vM_i_d,J,R,2020,0.5363600000000001
vM_i_d,J,S,2019,1.3679000000000001
vM_i_d,J,S,2020,1.42802
vM_i_d,J,cGov,2019,0.23545
vM_i_d,J,cGov,2020,0.26116
vM_i_d,J,cHh,2019,0.13339
vM_i_d,J,cHh,2020,0.12702000000000002
vM_i_d,J,iM,2019,0.69424
vM_i_d,J,iM,2020,0.70587
vM_i_d,K,C,2019,208.28195
vM_i_d,K,C,2020,219.38898
vM_i_d,K,D,2019,0.6031900000000001
vM_i_d,K,D,2020,0.6244799999999999
vM_i_d,K,E,2019,4.08212
vM_i_d,K,E,2020,4.13996
vM_i_d,K,H,2019,0.14653
vM_i_d,K,H,2020,0.12565
vM_i_d,K,I,2019,0.00466
vM_i_d,K,I,2020,0.0048
vM_i_d,K,J,2019,0.0775
vM_i_d,K,J,2020,0.16864
vM_i_d,K,K,2019,18.7016
vM_i_d,K,K,2020,17.34133
vM_i_d,K,M,2019,8.255299999999998
vM_i_d,K,M,2020,7.56073
vM_i_d,K,N,2019,0.08023
vM_i_d,K,N,2020,0.06411
vM_i_d,K,O,2019,1.2292399999999999
vM_i_d,K,O,2020,1.28646
vM_i_d,K,P,2019,147.13623
vM_i_d,K,P,2020,149.12228
vM_i_d,K,Q,2019,0.06506
vM_i_d,K,Q,2020,0.018860000000000002
vM_i_d,K,S,2019,1.63371
vM_i_d,K,S,2020,1.6442999999999999
vM_i_d,K,cHh,2019,0.20642
vM_i_d,K,cHh,2020,0.17865999999999999
vM_i_d,K,iM,2019,0.9689399999999999
vM_i_d,K,iM,2020,1.0528100000000002
vM_i_d,L,C,2019,438.60682
vM_i_d,L,C,2020,459.9503099999999
vM_i_d,L,D,2019,0.17683000000000001
vM_i_d,L,D,2020,0.14554999999999998
vM_i_d,L,E,2019,0.37798
vM_i_d,L,E,2020,0.45095999999999997
vM_i_d,L,H,2019,5.25403
vM_i_d,L,H,2020,4.95171
vM_i_d,L,I,2019,0.008100000000000001
vM_i_d,L,I,2020,0.00885
vM_i_d,L,J,2019,0.02085
vM_i_d,L,J,2020,0.02199
vM_i_d,L,K,2019,0.29712
vM_i_d,L,K,2020,0.37625000000000003
vM_i_d,L,M,2019,3.06923
vM_i_d,L,M,2020,3.7109
vM_i_d,L,N,2019,0.11504
vM_i_d,L,N,2020,0.10609
vM_i_d,L,O,2019,0.3864
vM_i_d,L,O,2020,0.39626
vM_i_d,L,P,2019,0.13139
vM_i_d,L,P,2020,0.14204
vM_i_d,L,Q,2019,6.008859999999999
vM_i_d,L,Q,2020,5.38545
vM_i_d,L,S,2019,3.66732
vM_i_d,L,S,2020,3.5060700000000007
vM_i_d,L,cHh,2019,0.11691000000000001
vM_i_d,L,cHh,2020,0.11738000000000001
vM_i_d,L,iM,2019,0.0
vM_i_d,L,iM,2020,0.0
vM_i_d,M,C,2019,745.13949
vM_i_d,M,C,2020,776.9139700000003
vM_i_d,M,D,2019,0.42973000000000006
vM_i_d,M,D,2020,0.34393999999999997
vM_i_d,M,E,2019,1.16451
vM_i_d,M,E,2020,1.4009600000000002
vM_i_d,M,H,2019,4.72923
vM_i_d,M,H,2020,4.75089
vM_i_d,M,I,2019,0.00728
vM_i_d,M,I,2020,0.0070599999999999994
vM_i_d,M,J,2019,0.76
vM_i_d,M,J,2020,0.62072
vM_i_d,M,K,2019,13.005029999999998
vM_i_d,M,K,2020,13.17868
vM_i_d,M,M,2019,11.52796
vM_i_d,M,M,2020,11.991560000000002
vM_i_d,M,N,2019,37.35818
vM_i_d,M,N,2020,38.81781
vM_i_d,M,O,2019,2.4800600000000004
vM_i_d,M,O,2020,2.52088
vM_i_d,M,P,2019,0.15036
vM_i_d,M,P,2020,0.13956000000000002
vM_i_d,M,Q,2019,5.47838
vM_i_d,M,Q,2020,5.2992799999999995
vM_i_d,M,S,2019,3.8566000000000003
vM_i_d,M,S,2020,3.7667100000000002
vM_i_d,M,cGov,2019,0.00817
vM_i_d,M,cGov,2020,0.0065899999999999995
vM_i_d,M,cHh,2019,2.30088
vM_i_d,M,cHh,2020,1.7513799999999997
vM_i_d,M,iM,2019,0.32642000000000004
vM_i_d,M,iM,2020,0.32024
vM_i_d,N,C,2019,611.7501800000001
vM_i_d,N,C,2020,612.47983
vM_i_d,N,E,2019,2.3476999999999997
vM_i_d,N,E,2020,2.56142
vM_i_d,N,F,2019,1.1179999999999999
vM_i_d,N,F,2020,0.62747
vM_i_d,N,H,2019,1.44539
vM_i_d,N,H,2020,1.3733999999999997
vM_i_d,N,I,2019,0.0
vM_i_d,N,I,2020,0.0
vM_i_d,N,J,2019,0.25906999999999997
vM_i_d,N,J,2020,0.24631
vM_i_d,N,K,2019,63.53834
vM_i_d,N,K,2020,69.28381
vM_i_d,N,M,2019,0.6314799999999999
vM_i_d,N,M,2020,0.5778800000000001
vM_i_d,N,N,2019,0.38993
vM_i_d,N,N,2020,0.36796
vM_i_d,N,P,2019,0.14787999999999998
vM_i_d,N,P,2020,0.13499
vM_i_d,N,Q,2019,3.55164
vM_i_d,N,Q,2020,3.58637
vM_i_d,N,R,2019,0.7951
vM_i_d,N,R,2020,0.92931
vM_i_d,N,S,2019,0.10408
vM_i_d,N,S,2020,0.09574
vM_i_d,N,cHh,2019,0.5951599999999999
vM_i_d,N,cHh,2020,0.5915
vM_i_d,N,iM,2019,8.05233
vM_i_d,N,iM,2020,8.79035
vM_i_d,O,C,2019,36.30941
vM_i_d,O,C,2020,39.598839999999996
vM_i_d,O,E,2019,0.13983
vM_i_d,O,E,2020,0.11936000000000001
vM_i_d,O,F,2019,0.57375
vM_i_d,O,F,2020,0.45968000000000003
vM_i_d,O,H,2019,2.2165799999999996
vM_i_d,O,H,2020,2.7150200000000004
vM_i_d,O,I,2019,3.49231
vM_i_d,O,I,2020,3.36606
vM_i_d,O,J,2019,1.44163
vM_i_d,O,J,2020,1.26628
vM_i_d,O,K,2019,9.460840000000001
vM_i_d,O,K,2020,11.56208
vM_i_d,O,M,2019,56.563889999999994
vM_i_d,O,M,2020,54.18794
vM_i_d,O,N,2019,0.18216
vM_i_d,O,N,2020,0.14984
vM_i_d,O,O,2019,5.981949999999999
vM_i_d,O,O,2020,6.3491800000000005
vM_i_d,O,Q,2019,9.96564
vM_i_d,O,Q,2020,8.864840000000001
vM_i_d,O,S,2019,0.52459
vM_i_d,O,S,2020,0.5600599999999999
vM_i_d,O,cGov,2019,0.0008
vM_i_d,O,cGov,2020,0.00073
vM_i_d,O,cHh,2019,0.0
vM_i_d,O,cHh,2020,0.0
vM_i_d,O,iM,2019,3.65091
vM_i_d,O,iM,2020,3.93614
vM_i_d,P,C,2019,1.65198
vM_i_d,P,C,2020,1.4322899999999998
vM_i_d,P,E,2019,0.00492
vM_i_d,P,E,2020,0.0036600000000000005
vM_i_d,P,F,2019,0.07518000000000001
vM_i_d,P,F,2020,0.01309
vM_i_d,P,H,2019,0.833
vM_i_d,P,H,2020,1.1544999999999996
vM_i_d,P,I,2019,0.0
vM_i_d,P,I,2020,0.0
vM_i_d,P,J,2019,0.19577
vM_i_d,P,J,2020,0.19282000000000002
vM_i_d,P,K,2019,0.43714
vM_i_d,P,K,2020,0.45611
vM_i_d,P,M,2019,1.4008299999999998
vM_i_d,P,M,2020,1.50445
vM_i_d,P,N,2019,0.012199999999999999
vM_i_d,P,N,2020,0.01055
vM_i_d,P,O,2019,2.0e-5
vM_i_d,P,O,2020,2.0e-5
vM_i_d,P,Q,2019,1.44909
vM_i_d,P,Q,2020,1.39292
vM_i_d,P,S,2019,0.11033
vM_i_d,P,S,2020,0.12197
vM_i_d,P,cGov,2019,7.000000000000001e-5
vM_i_d,P,cGov,2020,8.0e-5
vM_i_d,P,cHh,2019,0.0
vM_i_d,P,cHh,2020,0.0
vM_i_d,P,iM,2019,0.09104
vM_i_d,P,iM,2020,0.05446000000000001
vM_i_d,Q,C,2019,66.86286
vM_i_d,Q,C,2020,70.03151
vM_i_d,Q,E,2019,0.13490999999999997
vM_i_d,Q,E,2020,0.11570000000000001
vM_i_d,Q,F,2019,0.55282
vM_i_d,Q,F,2020,0.47503999999999996
vM_i_d,Q,H,2019,9.53091
vM_i_d,Q,H,2020,9.88957
vM_i_d,Q,I,2019,9.081610000000001
vM_i_d,Q,I,2020,8.75511
vM_i_d,Q,J,2019,1.25156
vM_i_d,Q,J,2020,1.07882
vM_i_d,Q,K,2019,17.71514
vM_i_d,Q,K,2020,20.02589
vM_i_d,Q,M,2019,65.75178
vM_i_d,Q,M,2020,63.10816
vM_i_d,Q,N,2019,0.23803
vM_i_d,Q,N,2020,0.21437
vM_i_d,Q,O,2019,8.43079
vM_i_d,Q,O,2020,8.957279999999999
vM_i_d,Q,Q,2019,11.89163
vM_i_d,Q,Q,2020,10.98959
vM_i_d,Q,R,2019,0.0074800000000000005
vM_i_d,Q,R,2020,0.00694
vM_i_d,Q,S,2019,1.0325199999999999
vM_i_d,Q,S,2020,0.9377799999999998
vM_i_d,Q,cGov,2019,0.016130000000000002
vM_i_d,Q,cGov,2020,0.01198
vM_i_d,Q,cHh,2019,0.0
vM_i_d,Q,cHh,2020,0.0
vM_i_d,Q,iM,2019,3.5675299999999996
vM_i_d,Q,iM,2020,3.8908500000000004
vM_i_d,R,C,2019,18.735819999999997
vM_i_d,R,C,2020,19.786050000000003
vM_i_d,R,D,2019,0.02828
vM_i_d,R,D,2020,0.02212
vM_i_d,R,E,2019,0.97667
vM_i_d,R,E,2020,0.81432
vM_i_d,R,F,2019,0.0
vM_i_d,R,F,2020,0.0
vM_i_d,R,H,2019,9.776489999999999
vM_i_d,R,H,2020,10.098029999999998
vM_i_d,R,I,2019,4.37539
vM_i_d,R,I,2020,3.9567900000000003
vM_i_d,R,J,2019,1.24847
vM_i_d,R,J,2020,1.2254900000000002
vM_i_d,R,K,2019,1.6900700000000002
vM_i_d,R,K,2020,1.80437
vM_i_d,R,M,2019,0.8380500000000001
vM_i_d,R,M,2020,0.8176700000000001
vM_i_d,R,N,2019,0.0
vM_i_d,R,N,2020,0.0
vM_i_d,R,O,2019,1.42246
vM_i_d,R,O,2020,1.50079
vM_i_d,R,P,2019,0.51242
vM_i_d,R,P,2020,0.57473
vM_i_d,R,Q,2019,0.9033599999999999
vM_i_d,R,Q,2020,0.8920300000000001
vM_i_d,R,S,2019,0.22099
vM_i_d,R,S,2020,0.23433000000000004
vM_i_d,R,cGov,2019,0.08454
vM_i_d,R,cGov,2020,0.0632
vM_i_d,R,cHh,2019,1.75671
vM_i_d,R,cHh,2020,1.5638299999999998
vM_i_d,R,iM,2019,0.01176
vM_i_d,R,iM,2020,0.01317
vM_i_d,S,C,2019,26.125620000000005
vM_i_d,S,C,2020,27.817059999999998
vM_i_d,S,D,2019,0.04918
vM_i_d,S,D,2020,0.04028
vM_i_d,S,E,2019,1.07629
vM_i_d,S,E,2020,0.96893
vM_i_d,S,F,2019,0.0
vM_i_d,S,F,2020,0.0
vM_i_d,S,H,2019,6.4080499999999985
vM_i_d,S,H,2020,6.184950000000001
vM_i_d,S,I,2019,4.36627
vM_i_d,S,I,2020,3.95623
vM_i_d,S,J,2019,1.05361
vM_i_d,S,J,2020,1.39201
vM_i_d,S,K,2019,2.18957
vM_i_d,S,K,2020,2.25393
vM_i_d,S,M,2019,1.33721
vM_i_d,S,M,2020,1.3307600000000002
vM_i_d,S,N,2019,0.22555999999999998
vM_i_d,S,N,2020,0.23326999999999998
vM_i_d,S,O,2019,1.42246
vM_i_d,S,O,2020,1.50077
vM_i_d,S,P,2019,0.31545999999999996
vM_i_d,S,P,2020,0.34482999999999997
vM_i_d,S,Q,2019,0.67219
vM_i_d,S,Q,2020,0.70177
vM_i_d,S,S,2019,0.34064
vM_i_d,S,S,2020,0.41535000000000005
vM_i_d,S,cGov,2019,0.21266999999999997
vM_i_d,S,cGov,2020,0.28461000000000003
vM_i_d,S,cHh,2019,3.6986800000000004
vM_i_d,S,cHh,2020,3.5913299999999997
vM_i_d,S,iM,2019,2.1949
vM_i_d,S,iM,2020,2.2935600000000003
vY_i_d,A,A,2019,0.08916
vY_i_d,A,A,2020,0.039760000000000004
vY_i_d,A,B,2019,2.52333
vY_i_d,A,B,2020,2.66814
vY_i_d,A,C,2019,0.22146000000000002
vY_i_d,A,C,2020,0.20209999999999997
vY_i_d,A,F,2019,0.00872
vY_i_d,A,F,2020,0.0075
vY_i_d,A,G,2019,0.27293999999999996
vY_i_d,A,G,2020,0.28781
vY_i_d,A,H,2019,0.13924999999999998
vY_i_d,A,H,2020,0.13330999999999998
vY_i_d,A,I,2019,0.03755
vY_i_d,A,I,2020,0.03757
vY_i_d,A,J,2019,4.7572
vY_i_d,A,J,2020,4.85041
vY_i_d,A,L,2019,246.84831000000003
vY_i_d,A,L,2020,248.90713
vY_i_d,A,M,2019,44.85942
vY_i_d,A,M,2020,52.340740000000004
vY_i_d,A,N,2019,42.75553
vY_i_d,A,N,2020,40.73794
vY_i_d,A,O,2019,-0.03585000000000001
vY_i_d,A,O,2020,-0.03323999999999999
vY_i_d,A,P,2019,0.11801999999999999
vY_i_d,A,P,2020,0.11574
vY_i_d,A,Q,2019,0.05825999999999999
vY_i_d,A,Q,2020,-0.13674
vY_i_d,A,R,2019,2232.59648
vY_i_d,A,R,2020,2252.45698
vY_i_d,A,S,2019,17.57958
vY_i_d,A,S,2020,17.628960000000003
vY_i_d,A,cHh,2019,10.11937
vY_i_d,A,cHh,2020,8.98599
vY_i_d,A,iM,2019,7.6220799999999995
vY_i_d,A,iM,2020,8.41076
vY_i_d,A,xOth,2019,1.7966199999999999
vY_i_d,A,xOth,2020,2.89292
vY_i_d,B,A,2019,0.00083
vY_i_d,B,A,2020,0.00055
vY_i_d,B,C,2019,0.00121
vY_i_d,B,C,2020,0.00132
vY_i_d,B,F,2019,0.00011
vY_i_d,B,F,2020,0.0001
vY_i_d,B,G,2019,0.00237
vY_i_d,B,G,2020,0.00154
vY_i_d,B,H,2019,0.00029
vY_i_d,B,H,2020,0.00027
vY_i_d,B,J,2019,0.0
vY_i_d,B,J,2020,0.0
vY_i_d,B,energy,2019,0.00481
vY_i_d,B,energy,2020,0.00378
vY_i_d,C,A,2019,4.47264
vY_i_d,C,A,2020,3.6111400000000002
vY_i_d,C,B,2019,10.60184
vY_i_d,C,B,2020,9.90754
vY_i_d,C,C,2019,1357.1983700000003
vY_i_d,C,C,2020,1401.25192
vY_i_d,C,F,2019,0.27169
vY_i_d,C,F,2020,0.1655
vY_i_d,C,G,2019,79.59241
vY_i_d,C,G,2020,70.12431999999998
vY_i_d,C,H,2019,54.07462
vY_i_d,C,H,2020,54.77599999999996
vY_i_d,C,I,2019,1.9195800000000003
vY_i_d,C,I,2020,1.90802
vY_i_d,C,J,2019,0.0
vY_i_d,C,J,2020,0.0
vY_i_d,C,K,2019,7.0337
vY_i_d,C,K,2020,6.71356
vY_i_d,C,L,2019,273.96781000000004
vY_i_d,C,L,2020,232.51511000000002
vY_i_d,C,M,2019,62.190599999999996
vY_i_d,C,M,2020,67.04229999999998
vY_i_d,C,N,2019,303.94585000000006
vY_i_d,C,N,2020,310.46675000000005
vY_i_d,C,O,2019,25.01271
vY_i_d,C,O,2020,24.40579
vY_i_d,C,P,2019,810.22727
vY_i_d,C,P,2020,823.96983
vY_i_d,C,Q,2019,57.608810000000005
vY_i_d,C,Q,2020,57.974410000000006
vY_i_d,C,R,2019,7641.265230000001
vY_i_d,C,R,2020,7458.64433
vY_i_d,C,S,2019,177.38728999999998
vY_i_d,C,S,2020,174.37187
vY_i_d,C,cGov,2019,496.49868999999995
vY_i_d,C,cGov,2020,500.05503000000004
vY_i_d,C,cHh,2019,20.854309999999998
vY_i_d,C,cHh,2020,14.700300000000002
vY_i_d,C,iM,2019,92.24811000000001
vY_i_d,C,iM,2020,78.79732
vY_i_d,C,xOth,2019,2.07768
vY_i_d,C,xOth,2020,1.77617
vY_i_d,D,A,2019,0.0056500000000000005
vY_i_d,D,A,2020,0.006030000000000001
vY_i_d,D,B,2019,0.15394999999999998
vY_i_d,D,B,2020,0.10707
vY_i_d,D,C,2019,0.00063
vY_i_d,D,C,2020,0.00064
vY_i_d,D,F,2019,7.000000000000001e-5
vY_i_d,D,F,2020,2.0e-5
vY_i_d,D,G,2019,1.0e-5
vY_i_d,D,G,2020,1.0e-5
vY_i_d,D,H,2019,0.00147
vY_i_d,D,H,2020,0.00251
vY_i_d,D,I,2019,0.0
vY_i_d,D,I,2020,0.0
vY_i_d,D,K,2019,0.0
vY_i_d,D,K,2020,0.0
vY_i_d,D,energy,2019,0.16177999999999995
vY_i_d,D,energy,2020,0.11628000000000001
vY_i_d,E,A,2019,0.05724
vY_i_d,E,A,2020,0.041530000000000004
vY_i_d,E,B,2019,1.04355
vY_i_d,E,B,2020,0.76934
vY_i_d,E,C,2019,125.31777000000001
vY_i_d,E,C,2020,123.72368000000002
vY_i_d,E,F,2019,0.00065
vY_i_d,E,F,2020,0.00064
vY_i_d,E,G,2019,0.02747
vY_i_d,E,G,2020,0.02091
vY_i_d,E,H,2019,0.2837
vY_i_d,E,H,2020,0.29725
vY_i_d,E,I,2019,1.41022
vY_i_d,E,I,2020,1.39962
vY_i_d,E,K,2019,4.59045
vY_i_d,E,K,2020,4.6289
vY_i_d,E,L,2019,39.708619999999996
vY_i_d,E,L,2020,39.62767
vY_i_d,E,M,2019,41.85387000000001
vY_i_d,E,M,2020,45.3279
vY_i_d,E,N,2019,82.79361999999999
vY_i_d,E,N,2020,82.07846
vY_i_d,E,O,2019,7.941910000000001
vY_i_d,E,O,2020,8.871680000000001
vY_i_d,E,P,2019,-0.71638
vY_i_d,E,P,2020,-2.07708
vY_i_d,E,Q,2019,0.0228
vY_i_d,E,Q,2020,-0.12012
vY_i_d,E,R,2019,37.25066
vY_i_d,E,R,2020,36.37827
vY_i_d,E,S,2019,0.0
vY_i_d,E,S,2020,0.0
vY_i_d,E,cGov,2019,2.06177
vY_i_d,E,cGov,2020,2.4460900000000003
vY_i_d,E,iM,2019,11.9113
vY_i_d,E,iM,2020,12.05347
vY_i_d,E,xOth,2019,0.019469999999999998
vY_i_d,E,xOth,2020,0.01982
vY_i_d,F,A,2019,0.0
vY_i_d,F,A,2020,0.0
vY_i_d,F,C,2019,0.017499999999999998
vY_i_d,F,C,2020,0.0229
vY_i_d,F,F,2019,0.00043
vY_i_d,F,F,2020,8.999999999999999e-5
vY_i_d,F,G,2019,0.00017999999999999998
vY_i_d,F,G,2020,0.00017999999999999998
vY_i_d,F,H,2019,0.01468
vY_i_d,F,H,2020,0.0147
vY_i_d,F,K,2019,0.0
vY_i_d,F,K,2020,0.0
vY_i_d,G,A,2019,0.20597000000000001
vY_i_d,G,A,2020,0.14322000000000001
vY_i_d,G,B,2019,1.6841399999999997
vY_i_d,G,B,2020,1.56515
vY_i_d,G,C,2019,16.73395
vY_i_d,G,C,2020,17.735979999999994
vY_i_d,G,G,2019,0.6909899999999999
vY_i_d,G,G,2020,0.67921
vY_i_d,G,H,2019,0.22617
vY_i_d,G,H,2020,0.25144000000000005
vY_i_d,G,K,2019,4.05168
vY_i_d,G,K,2020,3.2559000000000005
vY_i_d,G,L,2019,20.41123
vY_i_d,G,L,2020,20.52253
vY_i_d,G,M,2019,95.1089
vY_i_d,G,M,2020,98.30538
vY_i_d,G,N,2019,60.48874
vY_i_d,G,N,2020,60.256530000000005
vY_i_d,G,O,2019,0.26389
vY_i_d,G,O,2020,0.25039
vY_i_d,G,P,2019,-0.7867200000000001
vY_i_d,G,P,2020,-1.5867699999999998
vY_i_d,G,Q,2019,-0.57131
vY_i_d,G,Q,2020,-1.9611
vY_i_d,G,R,2019,4670.7088
vY_i_d,G,R,2020,4613.59753
vY_i_d,G,S,2019,0.49916000000000005
vY_i_d,G,S,2020,0.57712
vY_i_d,G,cHh,2019,1.90348
vY_i_d,G,cHh,2020,1.9792200000000002
vY_i_d,G,iM,2019,10.19709
vY_i_d,G,iM,2020,4.28386
vY_i_d,G,xOth,2019,0.0
vY_i_d,G,xOth,2020,0.0
vY_i_d,H,A,2019,0.32042999999999994
vY_i_d,H,A,2020,0.26881
vY_i_d,H,B,2019,0.79234
vY_i_d,H,B,2020,0.7538400000000001
vY_i_d,H,C,2019,2.66441
vY_i_d,H,C,2020,2.4953700000000003
vY_i_d,H,F,2019,0.23491
vY_i_d,H,F,2020,0.25867
vY_i_d,H,G,2019,1.29494
vY_i_d,H,G,2020,1.32862
vY_i_d,H,H,2019,0.46023000000000003
vY_i_d,H,H,2020,0.44245
vY_i_d,H,J,2019,0.0
vY_i_d,H,J,2020,0.0
vY_i_d,H,K,2019,129.23035
vY_i_d,H,K,2020,135.22498000000002
vY_i_d,H,L,2019,116.53753
vY_i_d,H,L,2020,123.63861
vY_i_d,H,M,2019,104.39854000000001
vY_i_d,H,M,2020,107.34105000000001
vY_i_d,H,N,2019,165.31133000000003
vY_i_d,H,N,2020,168.07895000000002
vY_i_d,H,O,2019,1.26297
vY_i_d,H,O,2020,1.79403
vY_i_d,H,P,2019,101.60489
vY_i_d,H,P,2020,112.37213999999999
vY_i_d,H,Q,2019,-1.23369
vY_i_d,H,Q,2020,-4.09153
vY_i_d,H,R,2019,67.31931
vY_i_d,H,R,2020,56.05388
vY_i_d,H,S,2019,55.53442
vY_i_d,H,S,2020,37.17824
vY_i_d,H,cHh,2019,6.42589
vY_i_d,H,cHh,2020,6.94717
vY_i_d,H,iM,2019,12.50751
vY_i_d,H,iM,2020,12.17166
vY_i_d,I,A,2019,0.01077
vY_i_d,I,A,2020,0.00791
vY_i_d,I,C,2019,0.01625
vY_i_d,I,C,2020,0.01277
vY_i_d,I,F,2019,0.0020800000000000003
vY_i_d,I,F,2020,0.0011
vY_i_d,I,G,2019,0.0005
vY_i_d,I,G,2020,0.00049
vY_i_d,I,H,2019,0.0004
vY_i_d,I,H,2020,0.00031
vY_i_d,I,J,2019,0.0
vY_i_d,I,J,2020,0.0
vY_i_d,I,K,2019,0.0
vY_i_d,I,K,2020,0.0
vY_i_d,J,A,2019,0.7190699999999999
vY_i_d,J,A,2020,0.9597199999999999
vY_i_d,J,B,2019,3.58844
vY_i_d,J,B,2020,3.2014199999999997
vY_i_d,J,C,2019,143.49445
vY_i_d,J,C,2020,147.21094
vY_i_d,J,F,2019,1.61938
vY_i_d,J,F,2020,1.3857
vY_i_d,J,G,2019,0.47833000000000003
vY_i_d,J,G,2020,0.5014000000000001
vY_i_d,J,H,2019,0.55059
vY_i_d,J,H,2020,0.38756
vY_i_d,J,I,2019,0.050449999999999995
vY_i_d,J,I,2020,0.04072
vY_i_d,J,J,2019,0.0
vY_i_d,J,J,2020,0.0
vY_i_d,J,K,2019,23.105980000000002
vY_i_d,J,K,2020,22.795090000000002
vY_i_d,J,L,2019,94.62236
vY_i_d,J,L,2020,94.83395
vY_i_d,J,M,2019,243.92789999999997
vY_i_d,J,M,2020,237.99025999999998
vY_i_d,J,N,2019,51.09704000000001
vY_i_d,J,N,2020,51.9439
vY_i_d,J,O,2019,0.42763
vY_i_d,J,O,2020,0.39138
vY_i_d,J,P,2019,527.07077
vY_i_d,J,P,2020,539.40664
vY_i_d,J,Q,2019,0.65362
vY_i_d,J,Q,2020,-0.1997
vY_i_d,J,R,2019,29.06073
vY_i_d,J,R,2020,26.344
vY_i_d,J,S,2019,0.11971
vY_i_d,J,S,2020,0.12816
vY_i_d,J,cHh,2019,4.300949999999999
vY_i_d,J,cHh,2020,2.4328600000000002
vY_i_d,J,iM,2019,3.24618
vY_i_d,J,iM,2020,2.94428
vY_i_d,K,A,2019,0.19596000000000002
vY_i_d,K,A,2020,0.11342
vY_i_d,K,C,2019,310.65389
vY_i_d,K,C,2020,320.06427999999994
vY_i_d,K,G,2019,0.1759
vY_i_d,K,G,2020,0.19441999999999998
vY_i_d,K,H,2019,0.04868000000000001
vY_i_d,K,H,2020,0.05167
vY_i_d,K,I,2019,0.00642
vY_i_d,K,I,2020,0.00622
vY_i_d,K,J,2019,0.0
vY_i_d,K,J,2020,0.0
vY_i_d,K,K,2019,39.530199999999994
vY_i_d,K,K,2020,39.2191
vY_i_d,K,L,2019,26.372
vY_i_d,K,L,2020,25.18186
vY_i_d,K,M,2019,5.13122
vY_i_d,K,M,2020,3.0702200000000004
vY_i_d,K,N,2019,22.809659999999997
vY_i_d,K,N,2020,23.505
vY_i_d,K,O,2019,0.44412
vY_i_d,K,O,2020,0.43494
vY_i_d,K,P,2019,49.27538
vY_i_d,K,P,2020,-26.16892
vY_i_d,K,Q,2019,-0.00534
vY_i_d,K,Q,2020,-1.04002
vY_i_d,K,S,2019,3.72744
vY_i_d,K,S,2020,3.7464199999999996
vY_i_d,K,cHh,2019,66.42347
vY_i_d,K,cHh,2020,63.904309999999995
vY_i_d,K,iM,2019,4.6811
vY_i_d,K,iM,2020,4.51994
vY_i_d,K,xOth,2019,0.85103
vY_i_d,K,xOth,2020,0.77604
vY_i_d,L,A,2019,16.183719999999997
vY_i_d,L,A,2020,4.55299
vY_i_d,L,B,2019,2.70343
vY_i_d,L,B,2020,2.0268800000000002
vY_i_d,L,C,2019,153.17739
vY_i_d,L,C,2020,160.97517000000002
vY_i_d,L,G,2019,0.22034000000000004
vY_i_d,L,G,2020,0.17492999999999997
vY_i_d,L,H,2019,0.04314
vY_i_d,L,H,2020,0.044270000000000004
vY_i_d,L,I,2019,0.02407
vY_i_d,L,I,2020,0.023440000000000003
vY_i_d,L,K,2019,19.403380000000002
vY_i_d,L,K,2020,17.140150000000002
vY_i_d,L,L,2019,98.70979
vY_i_d,L,L,2020,103.19695
vY_i_d,L,M,2019,16.79796
vY_i_d,L,M,2020,7.1653199999999995
vY_i_d,L,N,2019,12.75759
vY_i_d,L,N,2020,12.82531
vY_i_d,L,O,2019,0.2677
vY_i_d,L,O,2020,0.23531
vY_i_d,L,P,2019,-6.20271
vY_i_d,L,P,2020,-6.999689999999999
vY_i_d,L,Q,2019,0.14443
vY_i_d,L,Q,2020,-1.0490899999999999
vY_i_d,L,R,2019,63.38509
vY_i_d,L,R,2020,66.72603
vY_i_d,L,S,2019,15.82591
vY_i_d,L,S,2020,16.883969999999998
vY_i_d,L,cHh,2019,0.18283000000000002
vY_i_d,L,cHh,2020,0.16698
vY_i_d,L,xOth,2019,0.01311
vY_i_d,L,xOth,2020,0.018359999999999998
vY_i_d,M,A,2019,48.22759
vY_i_d,M,A,2020,13.31627
vY_i_d,M,B,2019,2.88643
vY_i_d,M,B,2020,2.16482
vY_i_d,M,C,2019,620.0517299999999
vY_i_d,M,C,2020,635.7589599999999
vY_i_d,M,G,2019,0.34131999999999996
vY_i_d,M,G,2020,0.29225
vY_i_d,M,H,2019,0.11513000000000001
vY_i_d,M,H,2020,0.13372
vY_i_d,M,I,2019,0.02407
vY_i_d,M,I,2020,0.023440000000000003
vY_i_d,M,J,2019,0.0
vY_i_d,M,J,2020,0.0
vY_i_d,M,K,2019,135.81751
vY_i_d,M,K,2020,110.49344
vY_i_d,M,L,2019,320.75467000000003
vY_i_d,M,L,2020,335.81163
vY_i_d,M,M,2019,70.83622
vY_i_d,M,M,2020,64.86062000000001
vY_i_d,M,N,2019,24.80483
vY_i_d,M,N,2020,25.706810000000004
vY_i_d,M,O,2019,1.7180300000000002
vY_i_d,M,O,2020,1.63991
vY_i_d,M,P,2019,-6.11009
vY_i_d,M,P,2020,-7.060859999999999
vY_i_d,M,Q,2019,0.86588
vY_i_d,M,Q,2020,-1.0185199999999999
vY_i_d,M,R,2019,203.72466999999997
vY_i_d,M,R,2020,217.60840000000002
vY_i_d,M,S,2019,18.195400000000003
vY_i_d,M,S,2020,19.01481
vY_i_d,M,cHh,2019,0.026539999999999998
vY_i_d,M,cHh,2020,0.039939999999999996
vY_i_d,M,iM,2019,6.20794
vY_i_d,M,iM,2020,6.233359999999999
vY_i_d,M,xOth,2019,0.04456
vY_i_d,M,xOth,2020,0.047229999999999994
vY_i_d,N,A,2019,0.54705
vY_i_d,N,A,2020,0.6044700000000001
vY_i_d,N,B,2019,2.78152
vY_i_d,N,B,2020,3.55035
vY_i_d,N,C,2019,168.57595000000003
vY_i_d,N,C,2020,169.74493
vY_i_d,N,F,2019,2.80988
vY_i_d,N,F,2020,2.49084
vY_i_d,N,G,2019,0.25848
vY_i_d,N,G,2020,0.28348
vY_i_d,N,H,2019,0.11328999999999999
vY_i_d,N,H,2020,0.10567
vY_i_d,N,I,2019,0.0
vY_i_d,N,I,2020,0.0
vY_i_d,N,J,2019,12.48468
vY_i_d,N,J,2020,12.85209
vY_i_d,N,K,2019,6.1839200000000005
vY_i_d,N,K,2020,5.81945
vY_i_d,N,M,2019,21.75567
vY_i_d,N,M,2020,23.24575
vY_i_d,N,N,2019,1167.35241
vY_i_d,N,N,2020,1177.91922
vY_i_d,N,P,2019,0.12475
vY_i_d,N,P,2020,-0.03886
vY_i_d,N,Q,2019,0.9567599999999999
vY_i_d,N,Q,2020,0.5188400000000001
vY_i_d,N,R,2019,36.467760000000006
vY_i_d,N,R,2020,37.91558
vY_i_d,N,S,2019,17.72464
vY_i_d,N,S,2020,8.9984
vY_i_d,N,cHh,2019,3.0087
vY_i_d,N,cHh,2020,4.10279
vY_i_d,N,iM,2019,146.27276
vY_i_d,N,iM,2020,152.56153999999998
vY_i_d,N,xOth,2019,0.0
vY_i_d,N,xOth,2020,0.0
vY_i_d,O,A,2019,0.3194
vY_i_d,O,A,2020,0.3121
vY_i_d,O,C,2019,0.02794
vY_i_d,O,C,2020,0.021859999999999997
vY_i_d,O,F,2019,0.02427
vY_i_d,O,F,2020,0.017929999999999998
vY_i_d,O,G,2019,0.00928
vY_i_d,O,G,2020,0.00733
vY_i_d,O,H,2019,0.16758
vY_i_d,O,H,2020,0.17364
vY_i_d,O,I,2019,0.01309
vY_i_d,O,I,2020,0.01337
vY_i_d,O,J,2019,0.0
vY_i_d,O,J,2020,0.0
vY_i_d,O,K,2019,0.0
vY_i_d,O,K,2020,0.0
vY_i_d,O,L,2019,25.19299
vY_i_d,O,L,2020,26.04817
vY_i_d,O,M,2019,3.6261600000000005
vY_i_d,O,M,2020,3.62908
vY_i_d,O,N,2019,27.51816
vY_i_d,O,N,2020,27.76396
vY_i_d,O,O,2019,9.16808
vY_i_d,O,O,2020,9.65509
vY_i_d,O,Q,2019,1.47052
vY_i_d,O,Q,2020,-2.85019
vY_i_d,O,S,2019,0.44172
vY_i_d,O,S,2020,0.40293
vY_i_d,O,cGov,2019,4.65099
vY_i_d,O,cGov,2020,5.10383
vY_i_d,O,cHh,2019,0.0
vY_i_d,O,cHh,2020,0.0
vY_i_d,P,A,2019,0.0029
vY_i_d,P,A,2020,0.0023599999999999997
vY_i_d,P,C,2019,0.00017999999999999998
vY_i_d,P,C,2020,5.0e-5
vY_i_d,P,F,2019,0.0019
vY_i_d,P,F,2020,0.00102
vY_i_d,P,G,2019,0.00013000000000000002
vY_i_d,P,G,2020,5.0e-5
vY_i_d,P,H,2019,0.01982
vY_i_d,P,H,2020,0.01804
vY_i_d,P,I,2019,0.0
vY_i_d,P,I,2020,0.0
vY_i_d,P,J,2019,0.0
vY_i_d,P,J,2020,0.0
vY_i_d,P,K,2019,0.0
vY_i_d,P,K,2020,0.0
vY_i_d,Q,A,2019,0.5931900000000001
vY_i_d,Q,A,2020,0.5251
vY_i_d,Q,C,2019,0.52997
vY_i_d,Q,C,2020,0.51427
vY_i_d,Q,F,2019,0.02245
vY_i_d,Q,F,2020,0.016970000000000002
vY_i_d,Q,G,2019,0.16238
vY_i_d,Q,G,2020,0.17093
vY_i_d,Q,H,2019,3.6760600000000005
vY_i_d,Q,H,2020,3.5
vY_i_d,Q,I,2019,10.18495
vY_i_d,Q,I,2020,10.70436
vY_i_d,Q,J,2019,0.0
vY_i_d,Q,J,2020,0.0
vY_i_d,Q,K,2019,0.0
vY_i_d,Q,K,2020,0.0
vY_i_d,Q,L,2019,32.45731
vY_i_d,Q,L,2020,33.080259999999996
vY_i_d,Q,M,2019,21.103669999999994
vY_i_d,Q,M,2020,21.02287
vY_i_d,Q,N,2019,108.23691
vY_i_d,Q,N,2020,111.61979000000001
vY_i_d,Q,O,2019,14.70157
vY_i_d,Q,O,2020,15.076419999999999
vY_i_d,Q,Q,2019,0.4288799999999998
vY_i_d,Q,Q,2020,-7.329390000000001
vY_i_d,Q,R,2019,48.85659
vY_i_d,Q,R,2020,49.82788
vY_i_d,Q,S,2019,23.47332
vY_i_d,Q,S,2020,13.07418
vY_i_d,Q,cGov,2019,1.48967
vY_i_d,Q,cGov,2020,1.65505
vY_i_d,Q,iM,2019,135.34508
vY_i_d,Q,iM,2020,140.76981999999998
vY_i_d,Q,xOth,2019,0.0
vY_i_d,Q,xOth,2020,0.0
vY_i_d,R,A,2019,0.042
vY_i_d,R,A,2020,0.0649
vY_i_d,R,B,2019,0.7703
vY_i_d,R,B,2020,1.8559700000000001
vY_i_d,R,C,2019,1.1302500000000002
vY_i_d,R,C,2020,1.54362
vY_i_d,R,F,2019,0.0
vY_i_d,R,F,2020,0.0
vY_i_d,R,G,2019,22.09322
vY_i_d,R,G,2020,22.41164
vY_i_d,R,H,2019,3.4810000000000003
vY_i_d,R,H,2020,3.23171
vY_i_d,R,I,2019,0.015529999999999999
vY_i_d,R,I,2020,0.01692
vY_i_d,R,J,2019,0.0
vY_i_d,R,J,2020,0.0
vY_i_d,R,K,2019,24.374200000000002
vY_i_d,R,K,2020,23.35937
vY_i_d,R,M,2019,0.23817999999999995
vY_i_d,R,M,2020,-0.63015
vY_i_d,R,N,2019,18.20687
vY_i_d,R,N,2020,17.875700000000002
vY_i_d,R,O,2019,4.784050000000001
vY_i_d,R,O,2020,4.6747700000000005
vY_i_d,R,P,2019,0.53598
vY_i_d,R,P,2020,0.12713
vY_i_d,R,Q,2019,0.01298
vY_i_d,R,Q,2020,-0.37475
vY_i_d,R,R,2019,13.72557
vY_i_d,R,R,2020,11.50825
vY_i_d,R,S,2019,10.88849
vY_i_d,R,S,2020,11.09874
vY_i_d,R,cGov,2019,27.315669999999997
vY_i_d,R,cGov,2020,26.717650000000003
vY_i_d,R,cHh,2019,13.648719999999999
vY_i_d,R,cHh,2020,16.56499
vY_i_d,S,A,2019,0.21363
vY_i_d,S,A,2020,0.18903
vY_i_d,S,B,2019,1.1829
vY_i_d,S,B,2020,1.98232
vY_i_d,S,C,2019,2.1097599999999996
vY_i_d,S,C,2020,2.4715299999999996
vY_i_d,S,F,2019,0.0
vY_i_d,S,F,2020,0.0
vY_i_d,S,G,2019,28.957160000000002
vY_i_d,S,G,2020,29.30791
vY_i_d,S,H,2019,3.48416
vY_i_d,S,H,2020,3.23294
vY_i_d,S,I,2019,0.015529999999999999
vY_i_d,S,I,2020,0.01692
vY_i_d,S,J,2019,0.0
vY_i_d,S,J,2020,0.0
vY_i_d,S,K,2019,27.688090000000003
vY_i_d,S,K,2020,26.66857
vY_i_d,S,M,2019,1.2032900000000002
vY_i_d,S,M,2020,1.33634
vY_i_d,S,N,2019,196.8623
vY_i_d,S,N,2020,199.13393000000002
vY_i_d,S,O,2019,4.784050000000001
vY_i_d,S,O,2020,4.6747700000000005
vY_i_d,S,P,2019,0.53598
vY_i_d,S,P,2020,0.12713
vY_i_d,S,Q,2019,0.07442
vY_i_d,S,Q,2020,-1.4389000000000003
vY_i_d,S,R,2019,22.555979999999998
vY_i_d,S,R,2020,18.48558
vY_i_d,S,S,2019,16.33276
vY_i_d,S,S,2020,19.03074
vY_i_d,S,cGov,2019,10.75242
vY_i_d,S,cGov,2020,14.5786
vY_i_d,S,iM,2019,3.24528
vY_i_d,S,iM,2020,4.7139500000000005
vtM_i_d,A,C,2019,0.00028025624790400716
vtM_i_d,A,C,2020,0.00025282969048896704
vtM_i_d,A,D,2019,0.0
vtM_i_d,A,D,2020,0.0
vtM_i_d,A,E,2019,0.0
vtM_i_d,A,E,2020,0.0
vtM_i_d,A,F,2019,0.001038137260523747
vtM_i_d,A,F,2020,0.0009818739906270744
vtM_i_d,A,H,2019,0.0028177146418828136
vtM_i_d,A,H,2020,0.003417833625230608
vtM_i_d,A,I,2019,0.00580794826236478
vtM_i_d,A,I,2020,0.002879685755906884
vtM_i_d,A,J,2019,0.00019914150203355964
vtM_i_d,A,J,2020,0.00030171095155616737
vtM_i_d,A,M,2019,0.0013072266061915632
vtM_i_d,A,M,2020,0.0010786514116826924
vtM_i_d,A,N,2019,2.1265539298905098e-5
vtM_i_d,A,N,2020,1.6905226022550693e-5
vtM_i_d,A,O,2019,0.0
vtM_i_d,A,O,2020,0.0
vtM_i_d,A,P,2019,0.0
vtM_i_d,A,P,2020,0.0
vtM_i_d,A,Q,2019,3.812240293072464e-5
vtM_i_d,A,Q,2020,3.38095868817706e-5
vtM_i_d,A,S,2019,1.9240355950907274e-5
vtM_i_d,A,S,2020,2.329915607929447e-5
vtM_i_d,A,cGov,2019,0.004802542379027356
vtM_i_d,A,cGov,2020,0.0033144893091757353
vtM_i_d,A,cHh,2019,0.0005330802772955345
vtM_i_d,A,cHh,2020,0.0002599608679448573
vtM_i_d,A,iM,2019,0.00021434779877354908
vtM_i_d,A,iM,2020,0.00015219976673075866
vtM_i_d,B,C,2019,5.1719679555090944e-6
vtM_i_d,B,C,2020,7.100286800915416e-6
vtM_i_d,B,D,2019,0.0
vtM_i_d,B,D,2020,0.0
vtM_i_d,B,E,2019,0.0
vtM_i_d,B,E,2020,0.0
vtM_i_d,B,F,2019,0.0003736059236446458
vtM_i_d,B,F,2020,0.00010246829679549711
vtM_i_d,B,H,2019,1.3511578150433932e-5
vtM_i_d,B,H,2020,3.171172714911687e-5
vtM_i_d,B,J,2019,2.7020427556091824e-5
vtM_i_d,B,J,2020,4.3435766760451966e-5
vtM_i_d,B,M,2019,0.00018887058686506663
vtM_i_d,B,M,2020,0.00019742896629389297
vtM_i_d,B,N,2019,9.774633034955187e-7
vtM_i_d,B,N,2020,7.331936899045005e-7
vtM_i_d,B,O,2019,0.0
vtM_i_d,B,O,2020,0.0
vtM_i_d,B,Q,2019,1.6815383730651232e-5
vtM_i_d,B,Q,2020,1.6260767422615412e-5
vtM_i_d,B,S,2019,1.6542196460529785e-8
vtM_i_d,B,S,2020,2.1135760066748047e-8
vtM_i_d,B,cGov,2019,0.000392760585733167
vtM_i_d,B,cGov,2020,0.0001441635251299526
vtM_i_d,B,cHh,2019,5.634672617695345e-6
vtM_i_d,B,cHh,2020,3.0213954898286532e-6
vtM_i_d,B,energy,2019,0.0
vtM_i_d,B,energy,2020,0.0
vtM_i_d,B,iM,2019,4.962616166546254e-6
vtM_i_d,B,iM,2020,3.84402581500595e-6
vtM_i_d,C,C,2019,0.048821312802683016
vtM_i_d,C,C,2020,0.05329130806671149
vtM_i_d,C,D,2019,0.0
vtM_i_d,C,D,2020,0.0
vtM_i_d,C,E,2019,0.0
vtM_i_d,C,E,2020,0.0
vtM_i_d,C,F,2019,0.014551239210481385
vtM_i_d,C,F,2020,0.014412637623748108
vtM_i_d,C,H,2019,0.016438444150021422
vtM_i_d,C,H,2020,0.019948986734437284
vtM_i_d,C,I,2019,0.07484070587386685
vtM_i_d,C,I,2020,0.06059852982058315
vtM_i_d,C,J,2019,0.010777210964920226
vtM_i_d,C,J,2020,0.01510826017340448
vtM_i_d,C,K,2019,0.017784944691349003
vtM_i_d,C,K,2020,0.021643398617903147
vtM_i_d,C,M,2019,0.0007954629431318789
vtM_i_d,C,M,2020,0.0006731224040485024
vtM_i_d,C,N,2019,0.0021793636063693633
vtM_i_d,C,N,2020,0.0021302211664967186
vtM_i_d,C,O,2019,0.0
vtM_i_d,C,O,2020,0.0
vtM_i_d,C,P,2019,0.0
vtM_i_d,C,P,2020,0.0
vtM_i_d,C,Q,2019,0.012622576204024129
vtM_i_d,C,Q,2020,0.012639569238849697
vtM_i_d,C,S,2019,0.0036829362963085805
vtM_i_d,C,S,2020,0.0041807242969687025
vtM_i_d,C,cGov,2019,0.0728319539928034
vtM_i_d,C,cGov,2020,0.0635398652937897
vtM_i_d,C,cHh,2019,0.08520711684817345
vtM_i_d,C,cHh,2020,0.04596436873094371
vtM_i_d,C,iM,2019,0.022123727473216108
vtM_i_d,C,iM,2020,0.021997940406670437
vtM_i_d,D,C,2019,6.0367346305346785e-5
vtM_i_d,D,C,2020,6.906096557345553e-5
vtM_i_d,D,E,2019,0.0
vtM_i_d,D,E,2020,0.0
vtM_i_d,D,F,2019,0.0006736483826594549
vtM_i_d,D,F,2020,0.00013707981037975394
vtM_i_d,D,H,2019,7.688832477350429e-5
vtM_i_d,D,H,2020,0.00010263270569856175
vtM_i_d,D,I,2019,0.00037163199387303523
vtM_i_d,D,I,2020,0.0005723251815905724
vtM_i_d,D,J,2019,0.00017141465807077262
vtM_i_d,D,J,2020,0.00029003229331777606
vtM_i_d,D,K,2019,7.362171708636248e-5
vtM_i_d,D,K,2020,8.498870949249781e-5
vtM_i_d,D,M,2019,5.576388061735788e-6
vtM_i_d,D,M,2020,5.757875585724631e-6
vtM_i_d,D,N,2019,0.00012749802832880442
vtM_i_d,D,N,2020,0.00010272846041429562
vtM_i_d,D,O,2019,0.0
vtM_i_d,D,O,2020,0.0
vtM_i_d,D,Q,2019,2.8178656482695687e-6
vtM_i_d,D,Q,2020,2.9390358623808163e-6
vtM_i_d,D,S,2019,0.0002574889587306923
vtM_i_d,D,S,2020,0.0003056837803905112
vtM_i_d,D,cGov,2019,1.9902511551273047e-7
vtM_i_d,D,cGov,2020,1.046882864503031e-7
vtM_i_d,D,cHh,2019,0.00010927240112173471
vtM_i_d,D,cHh,2020,7.67434454416478e-5
vtM_i_d,D,energy,2019,0.0
vtM_i_d,D,energy,2020,0.0
vtM_i_d,D,iM,2019,7.651113474772688e-5
vtM_i_d,D,iM,2020,5.8346397985921075e-5
vtM_i_d,E,C,2019,0.004286495345116063
vtM_i_d,E,C,2020,0.004589419770603728
vtM_i_d,E,D,2019,0.0
vtM_i_d,E,D,2020,0.0
vtM_i_d,E,E,2019,0.0
vtM_i_d,E,E,2020,0.0
vtM_i_d,E,F,2019,0.0022196870983225785
vtM_i_d,E,F,2020,0.0014994852727254712
vtM_i_d,E,H,2019,0.0010062233323171782
vtM_i_d,E,H,2020,0.0011907156861217872
vtM_i_d,E,I,2019,0.00805465822228917
vtM_i_d,E,I,2020,0.005586942963490839
vtM_i_d,E,J,2019,0.0016040814705722526
vtM_i_d,E,J,2020,0.002236591996828056
vtM_i_d,E,K,2019,0.0012201264048948787
vtM_i_d,E,K,2020,0.0014689363797593708
vtM_i_d,E,M,2019,0.00030046283986610937
vtM_i_d,E,M,2020,0.00023532324895373226
vtM_i_d,E,N,2019,0.002084572515721808
vtM_i_d,E,N,2020,0.0017050545671434313
vtM_i_d,E,O,2019,0.0
vtM_i_d,E,O,2020,0.0
vtM_i_d,E,P,2019,0.0
vtM_i_d,E,P,2020,0.0
vtM_i_d,E,Q,2019,3.9513679955058234e-5
vtM_i_d,E,Q,2020,3.4791637605762255e-5
vtM_i_d,E,S,2019,0.002313485217921688
vtM_i_d,E,S,2020,0.002630120093492369
vtM_i_d,E,cGov,2019,1.0919844671131811e-5
vtM_i_d,E,cGov,2020,8.14242227946802e-6
vtM_i_d,E,cHh,2019,0.0047045491591600624
vtM_i_d,E,cHh,2020,0.0036053708101027354
vtM_i_d,E,iM,2019,0.0016587172340468363
vtM_i_d,E,iM,2020,0.0016659889604518404
vtM_i_d,F,C,2019,1.3004048589288273e-5
vtM_i_d,F,C,2020,2.292741429126711e-5
vtM_i_d,F,E,2019,0.0
vtM_i_d,F,E,2020,0.0
vtM_i_d,F,F,2019,0.0011731081287429488
vtM_i_d,F,F,2020,0.00021944480323251537
vtM_i_d,F,H,2019,0.00013642928920637183
vtM_i_d,F,H,2020,0.00020333374873987174
vtM_i_d,F,K,2019,0.0006046355787472891
vtM_i_d,F,K,2020,0.0008858568038702536
vtM_i_d,F,M,2019,0.0006003108582265685
vtM_i_d,F,M,2020,0.0005340288826405422
vtM_i_d,F,N,2019,1.2492488791817399e-5
vtM_i_d,F,N,2020,8.039848047918316e-6
vtM_i_d,F,Q,2019,0.0006850591569259265
vtM_i_d,F,Q,2020,0.0007419891361428527
vtM_i_d,F,S,2019,0.00025312894473435697
vtM_i_d,F,S,2020,0.0003671628753938089
vtM_i_d,F,cGov,2019,8.845560689454689e-9
vtM_i_d,F,cGov,2020,7.754687885207639e-9
vtM_i_d,F,iB,2019,0.0
vtM_i_d,F,iB,2020,0.0
vtM_i_d,G,C,2019,0.008206941122156747
vtM_i_d,G,C,2020,0.009117673277067702
vtM_i_d,G,D,2019,0.0
vtM_i_d,G,D,2020,0.0
vtM_i_d,G,E,2019,0.0
vtM_i_d,G,E,2020,0.0
vtM_i_d,G,H,2019,0.00016158975570565047
vtM_i_d,G,H,2020,0.00019557209269203474
vtM_i_d,G,J,2019,0.0002948745100716587
vtM_i_d,G,J,2020,0.0005568730555280846
vtM_i_d,G,K,2019,0.001071155999544833
vtM_i_d,G,K,2020,0.001340631546777861
vtM_i_d,G,M,2019,0.027938078241540997
vtM_i_d,G,M,2020,0.02167890486644441
vtM_i_d,G,N,2019,0.0003450140797452377
vtM_i_d,G,N,2020,0.0003012865452641153
vtM_i_d,G,O,2019,0.0
vtM_i_d,G,O,2020,0.0
vtM_i_d,G,P,2019,0.0
vtM_i_d,G,P,2020,0.0
vtM_i_d,G,Q,2019,0.001360824300836508
vtM_i_d,G,Q,2020,0.0017103124989274047
vtM_i_d,G,R,2019,8.632116007062673e-6
vtM_i_d,G,R,2020,1.0805690079738282e-5
vtM_i_d,G,S,2019,3.3295624045094033e-6
vtM_i_d,G,S,2020,3.522425384838324e-6
vtM_i_d,G,cHh,2019,0.019936276674637227
vtM_i_d,G,cHh,2020,0.011316576379243421
vtM_i_d,G,iM,2019,0.0032426726555446535
vtM_i_d,G,iM,2020,0.0035875405848570146
vtM_i_d,H,C,2019,0.035110853142929284
vtM_i_d,H,C,2020,0.037471576433750264
vtM_i_d,H,D,2019,0.0
vtM_i_d,H,D,2020,0.0
vtM_i_d,H,E,2019,0.0
vtM_i_d,H,E,2020,0.0
vtM_i_d,H,F,2019,0.00731944413482509
vtM_i_d,H,F,2020,0.00577647945135149
vtM_i_d,H,H,2019,0.0002658918920879547
vtM_i_d,H,H,2020,0.0003445106028809928
vtM_i_d,H,J,2019,0.0006109143424823778
vtM_i_d,H,J,2020,0.001012561773984429
vtM_i_d,H,K,2019,0.0021625677546226714
vtM_i_d,H,K,2020,0.002631511431719771
vtM_i_d,H,M,2019,0.0342217861996441
vtM_i_d,H,M,2020,0.026088835733370373
vtM_i_d,H,N,2019,0.0009364415805702487
vtM_i_d,H,N,2020,0.0008131568709815813
vtM_i_d,H,O,2019,0.0
vtM_i_d,H,O,2020,0.0
vtM_i_d,H,P,2019,0.0
vtM_i_d,H,P,2020,0.0
vtM_i_d,H,Q,2019,0.006918608772413362
vtM_i_d,H,Q,2020,0.00811918975631612
vtM_i_d,H,R,2019,6.197514882713446e-6
vtM_i_d,H,R,2020,7.688943213560661e-6
vtM_i_d,H,S,2019,0.0007595667624014955
vtM_i_d,H,S,2020,0.0008977087993767345
vtM_i_d,H,cHh,2019,0.146757060710953
vtM_i_d,H,cHh,2020,0.08116108821523607
vtM_i_d,H,iM,2019,0.004027150612611868
vtM_i_d,H,iM,2020,0.004212508215746551
vtM_i_d,I,C,2019,0.0002242313097516185
vtM_i_d,I,C,2020,0.00024084095181908346
vtM_i_d,I,D,2019,0.0
vtM_i_d,I,D,2020,0.0
vtM_i_d,I,E,2019,0.0
vtM_i_d,I,E,2020,0.0
vtM_i_d,I,F,2019,0.0030974801251220136
vtM_i_d,I,F,2020,0.0007480510962251593
vtM_i_d,I,H,2019,1.1153492125017742e-6
vtM_i_d,I,H,2020,2.914996695292629e-6
vtM_i_d,I,J,2019,9.645300937569229e-7
vtM_i_d,I,J,2020,1.4736477272417965e-6
vtM_i_d,I,K,2019,0.0006677168165789714
vtM_i_d,I,K,2020,0.0009007773520069258
vtM_i_d,I,M,2019,0.00012693269448467673
vtM_i_d,I,M,2020,0.00010980085728816445
vtM_i_d,I,N,2019,3.173582154206229e-8
vtM_i_d,I,N,2020,2.528254103118967e-8
vtM_i_d,I,O,2019,0.0
vtM_i_d,I,O,2020,0.0
vtM_i_d,I,Q,2019,8.359668089866386e-5
vtM_i_d,I,Q,2020,0.0001534276348497104
vtM_i_d,I,R,2019,1.4234697286774324e-10
vtM_i_d,I,R,2020,1.583823094482504e-10
vtM_i_d,I,S,2019,9.950258418673749e-5
vtM_i_d,I,S,2020,0.00012147053443732578
vtM_i_d,I,cHh,2019,0.0014746743193739815
vtM_i_d,I,cHh,2020,0.0009923471346793228
vtM_i_d,I,iM,2019,4.290181675979236e-5
vtM_i_d,I,iM,2020,2.547702032468559e-5
vtM_i_d,J,C,2019,0.011822845748182926
vtM_i_d,J,C,2020,0.012184436433337574
vtM_i_d,J,E,2019,0.0
vtM_i_d,J,E,2020,0.0
vtM_i_d,J,F,2019,0.009131083136555022
vtM_i_d,J,F,2020,0.0098285638509159
vtM_i_d,J,H,2019,0.00023417804125633698
vtM_i_d,J,H,2020,0.00023972665507979152
vtM_i_d,J,I,2019,0.061587711203138176
vtM_i_d,J,I,2020,0.042328413636810176
vtM_i_d,J,J,2019,0.012821403441794492
vtM_i_d,J,J,2020,0.017605135200056618
vtM_i_d,J,K,2019,0.014970390020181181
vtM_i_d,J,K,2020,0.018204920181618362
vtM_i_d,J,M,2019,0.01914857709841348
vtM_i_d,J,M,2020,0.015626522391271214
vtM_i_d,J,N,2019,0.0003742643517441256
vtM_i_d,J,N,2020,0.00034383706181960753
vtM_i_d,J,O,2019,0.0
vtM_i_d,J,O,2020,0.0
vtM_i_d,J,P,2019,0.0
vtM_i_d,J,P,2020,0.0
vtM_i_d,J,Q,2019,0.0044149104258061275
vtM_i_d,J,Q,2020,0.004736836271458608
vtM_i_d,J,R,2019,8.826873897540554e-8
vtM_i_d,J,R,2020,8.494993549566358e-8
vtM_i_d,J,S,2019,3.481241621285953e-5
vtM_i_d,J,S,2020,4.3117554415025066e-5
vtM_i_d,J,cGov,2019,0.0001041343632166053
vtM_i_d,J,cGov,2020,0.00010126071440504134
vtM_i_d,J,cHh,2019,0.0026843177874085076
vtM_i_d,J,cHh,2020,0.0015351106204721423
vtM_i_d,J,iM,2019,0.0008613116618657678
vtM_i_d,J,iM,2020,0.0008348869237040768
vtM_i_d,K,C,2019,0.007098698985904103
vtM_i_d,K,C,2020,0.008035307329827176
vtM_i_d,K,D,2019,0.0
vtM_i_d,K,D,2020,0.0
vtM_i_d,K,E,2019,0.0
vtM_i_d,K,E,2020,0.0
vtM_i_d,K,H,2019,4.148023352992005e-5
vtM_i_d,K,H,2020,3.9985735236192015e-5
vtM_i_d,K,I,2019,0.00026279288185862586
vtM_i_d,K,I,2020,0.00020639826233168646
vtM_i_d,K,J,2019,0.00010528321445938244
vtM_i_d,K,J,2020,0.00031064494090257076
vtM_i_d,K,K,2019,0.015909913384126607
vtM_i_d,K,K,2020,0.017169352954141858
vtM_i_d,K,M,2019,0.0035493258570583994
vtM_i_d,K,M,2020,0.0026609867162136792
vtM_i_d,K,N,2019,1.0184659849278629e-5
vtM_i_d,K,N,2020,7.047233502215521e-6
vtM_i_d,K,O,2019,0.0
vtM_i_d,K,O,2020,0.0
vtM_i_d,K,P,2019,0.0
vtM_i_d,K,P,2020,0.0
vtM_i_d,K,Q,2019,4.594745340261106e-5
vtM_i_d,K,Q,2020,1.342135989455259e-5
vtM_i_d,K,S,2019,4.157715658389557e-5
vtM_i_d,K,S,2020,4.964790039679115e-5
vtM_i_d,K,cHh,2019,0.004153961149088118
vtM_i_d,K,cHh,2020,0.0021592100728511487
vtM_i_d,K,iM,2019,0.0012021193271033316
vtM_i_d,K,iM,2020,0.001245239636398897
vtM_i_d,L,C,2019,0.014948668323609526
vtM_i_d,L,C,2020,0.01684606992246958
vtM_i_d,L,D,2019,0.0
vtM_i_d,L,D,2020,0.0
vtM_i_d,L,E,2019,0.0
vtM_i_d,L,E,2020,0.0
vtM_i_d,L,H,2019,0.001487329498213375
vtM_i_d,L,H,2020,0.0015757880224942645
vtM_i_d,L,I,2019,0.0004567859105267961
vtM_i_d,L,I,2020,0.00038054679617404694
vtM_i_d,L,J,2019,2.8324580922298372e-5
vtM_i_d,L,J,2020,4.050689190255888e-5
vtM_i_d,L,K,2019,0.00025276732818003256
vtM_i_d,L,K,2020,0.0003725186620055022
vtM_i_d,L,M,2019,0.0013196004264241583
vtM_i_d,L,M,2020,0.0013060452635125632
vtM_i_d,L,N,2019,1.4603555640795382e-5
vtM_i_d,L,N,2020,1.1661846860864834e-5
vtM_i_d,L,O,2019,0.0
vtM_i_d,L,O,2020,0.0
vtM_i_d,L,P,2019,0.0
vtM_i_d,L,P,2020,0.0
vtM_i_d,L,Q,2019,0.004243649167734606
vtM_i_d,L,Q,2020,0.003832452950377425
vtM_i_d,L,S,2019,9.333158142096939e-5
vtM_i_d,L,S,2020,0.0001058620775674619
vtM_i_d,L,cHh,2019,0.0023526770561955812
vtM_i_d,L,cHh,2020,0.0014186056103843495
vtM_i_d,M,C,2019,0.025395964182302406
vtM_i_d,M,C,2020,0.02845513260413596
vtM_i_d,M,D,2019,0.0
vtM_i_d,M,D,2020,0.0
vtM_i_d,M,E,2019,0.0
vtM_i_d,M,E,2020,0.0
vtM_i_d,M,H,2019,0.0013387672477765905
vtM_i_d,M,H,2020,0.001511880856954017
vtM_i_d,M,I,2019,0.00041054338625124375
vtM_i_d,M,I,2020,0.0003035774441795222
vtM_i_d,M,J,2019,0.001032454748246847
vtM_i_d,M,J,2020,0.00114340327156691
vtM_i_d,M,K,2019,0.011063700477925311
vtM_i_d,M,K,2020,0.013047984692621051
vtM_i_d,M,M,2019,0.00495639001697515
vtM_i_d,M,M,2020,0.004220410180852815
vtM_i_d,M,N,2019,0.004742370134464962
vtM_i_d,M,N,2020,0.004267012495938803
vtM_i_d,M,O,2019,0.0
vtM_i_d,M,O,2020,0.0
vtM_i_d,M,P,2019,0.0
vtM_i_d,M,P,2020,0.0
vtM_i_d,M,Q,2019,0.0038690072205932423
vtM_i_d,M,Q,2020,0.0037711317106046997
vtM_i_d,M,S,2019,9.814866903027566e-5
vtM_i_d,M,S,2020,0.00011373182685860077
vtM_i_d,M,cGov,2019,3.6134115416422397e-6
vtM_i_d,M,cGov,2020,2.555169658175917e-6
vtM_i_d,M,cHh,2019,0.04630251975929594
vtM_i_d,M,cHh,2020,0.021166446531904422
vtM_i_d,M,iM,2019,0.0004049742922710071
vtM_i_d,M,iM,2020,0.0003787725621530786
vtM_i_d,N,C,2019,0.020849768222319088
vtM_i_d,N,C,2020,0.022432592864829865
vtM_i_d,N,E,2019,0.0
vtM_i_d,N,E,2020,0.0
vtM_i_d,N,F,2019,0.005393046128272613
vtM_i_d,N,F,2020,0.004082271885096544
vtM_i_d,N,H,2019,0.0004091661416898323
vtM_i_d,N,H,2020,0.0004370585656457309
vtM_i_d,N,J,2019,0.000351944804774093
vtM_i_d,N,J,2020,0.00045371771462115866
vtM_i_d,N,K,2019,0.05405363637181775
vtM_i_d,N,K,2020,0.06859671016569682
vtM_i_d,N,M,2019,0.0002715017373342263
vtM_i_d,N,M,2020,0.0002033839329754615
vtM_i_d,N,N,2019,4.94989955755854e-5
vtM_i_d,N,N,2020,4.0447668686245875e-5
vtM_i_d,N,P,2019,0.0
vtM_i_d,N,P,2020,0.0
vtM_i_d,N,Q,2019,0.0025082817922356215
vtM_i_d,N,Q,2020,0.0025521719239144525
vtM_i_d,N,R,2019,9.84174592409936e-8
vtM_i_d,N,R,2020,1.4718626399335355e-7
vtM_i_d,N,S,2019,2.6487873963260623e-6
vtM_i_d,N,S,2020,2.8907680982720827e-6
vtM_i_d,N,cHh,2019,0.011976899125527003
vtM_i_d,N,cHh,2020,0.007148621728934593
vtM_i_d,N,iM,2019,0.00999015575909135
vtM_i_d,N,iM,2020,0.010397025330134632
vtM_i_d,O,C,2019,0.0012375031631198779
vtM_i_d,O,C,2020,0.0014503410759494552
vtM_i_d,O,E,2019,0.0
vtM_i_d,O,E,2020,0.0
vtM_i_d,O,F,2019,0.002767674611893034
vtM_i_d,O,F,2020,0.0029906429632351817
vtM_i_d,O,H,2019,0.0006274773496058838
vtM_i_d,O,H,2020,0.0008640037475604142
vtM_i_d,O,I,2019,0.19694296335701664
vtM_i_d,O,I,2020,0.1447393614383743
vtM_i_d,O,J,2019,0.001958444393046187
vtM_i_d,O,J,2020,0.002332563305064678
vtM_i_d,O,K,2019,0.008048570440020126
vtM_i_d,O,K,2020,0.011447416801596217
vtM_i_d,O,M,2019,0.024319367842816984
vtM_i_d,O,M,2020,0.01907135799307525
vtM_i_d,O,N,2019,2.3123989008408266e-5
vtM_i_d,O,N,2020,1.647102586136287e-5
vtM_i_d,O,O,2019,0.0
vtM_i_d,O,O,2020,0.0
vtM_i_d,O,Q,2019,0.007038053789228356
vtM_i_d,O,Q,2020,0.006308494594253743
vtM_i_d,O,S,2019,1.3350570524968187e-5
vtM_i_d,O,S,2020,1.6910419689975582e-5
vtM_i_d,O,cGov,2019,3.538224275781875e-7
vtM_i_d,O,cGov,2020,2.830461078100788e-7
vtM_i_d,O,iM,2019,0.004529516247151346
vtM_i_d,O,iM,2020,0.0046555765450700054
vtM_i_d,P,C,2019,5.630304858742613e-5
vtM_i_d,P,C,2020,5.245883514950552e-5
vtM_i_d,P,E,2019,0.0
vtM_i_d,P,E,2020,0.0
vtM_i_d,P,F,2019,0.00036265582104072914
vtM_i_d,P,F,2020,8.51625400033687e-5
vtM_i_d,P,H,2019,0.00023580860254161876
vtM_i_d,P,H,2020,0.00036739778217416365
vtM_i_d,P,J,2019,0.000265952192189849
vtM_i_d,P,J,2020,0.0003551859434584541
vtM_i_d,P,K,2019,0.0003718858031792523
vtM_i_d,P,K,2020,0.0004515866762188162
vtM_i_d,P,M,2019,0.0006022800068250843
vtM_i_d,P,M,2020,0.0005294887484684243
vtM_i_d,P,N,2019,1.5487080912526396e-6
vtM_i_d,P,N,2020,1.1596991646915262e-6
vtM_i_d,P,O,2019,0.0
vtM_i_d,P,O,2020,0.0
vtM_i_d,P,Q,2019,0.0010233937173561275
vtM_i_d,P,Q,2020,0.0009912449959872847
vtM_i_d,P,S,2019,2.8078469776773097e-6
vtM_i_d,P,S,2020,3.682755221916084e-6
vtM_i_d,P,cGov,2019,3.095946241309141e-8
vtM_i_d,P,cGov,2020,3.1018751540830555e-8
vtM_i_d,P,iM,2019,0.00011294914395059274
vtM_i_d,P,iM,2020,6.441404488776126e-5
vtM_i_d,Q,C,2019,0.0022788307699090006
vtM_i_d,Q,C,2020,0.002564963407103972
vtM_i_d,Q,E,2019,0.0
vtM_i_d,Q,E,2020,0.0
vtM_i_d,Q,F,2019,0.002666711771584675
vtM_i_d,Q,F,2020,0.003090573949824314
vtM_i_d,Q,H,2019,0.0026980438992196157
vtM_i_d,Q,H,2020,0.00314716854452676
vtM_i_d,Q,I,2019,0.5121421596171921
vtM_i_d,Q,I,2020,0.3764665605255774
vtM_i_d,Q,J,2019,0.0017002356114681893
vtM_i_d,Q,J,2020,0.0019872508013787436
vtM_i_d,Q,K,2019,0.015070707478914994
vtM_i_d,Q,K,2020,0.019827289696396987
vtM_i_d,Q,M,2019,0.028269656208934305
vtM_i_d,Q,M,2020,0.02221081501980463
vtM_i_d,Q,N,2019,3.0216310406628342e-5
vtM_i_d,Q,N,2020,2.356442748198317e-5
vtM_i_d,Q,O,2019,0.0
vtM_i_d,Q,O,2020,0.0
vtM_i_d,Q,Q,2019,0.008398249543591942
vtM_i_d,Q,Q,2020,0.00782053247526915
vtM_i_d,Q,R,2019,9.258742235223647e-10
vtM_i_d,Q,R,2020,1.0991732275708577e-9
vtM_i_d,Q,S,2019,2.6277151829886482e-5
vtM_i_d,Q,S,2020,2.831527582199283e-5
vtM_i_d,Q,cGov,2019,7.133944696045206e-6
vtM_i_d,Q,cGov,2020,4.645058043239375e-6
vtM_i_d,Q,iM,2019,0.004426070513159689
vtM_i_d,Q,iM,2020,0.004602008566866431
vtM_i_d,R,C,2019,0.0006385572366404376
vtM_i_d,R,C,2020,0.000724680850393338
vtM_i_d,R,D,2019,0.0
vtM_i_d,R,D,2020,0.0
vtM_i_d,R,E,2019,0.0
vtM_i_d,R,E,2020,0.0
vtM_i_d,R,H,2019,0.0027675635590181397
vtM_i_d,R,H,2020,0.003213506995520286
vtM_i_d,R,I,2019,0.24674277840244915
vtM_i_d,R,I,2020,0.17014053758570705
vtM_i_d,R,J,2019,0.001696037867820712
vtM_i_d,R,J,2020,0.0022574256915719373
vtM_i_d,R,K,2019,0.001437784323967514
vtM_i_d,R,K,2020,0.0017864757426255626
vtM_i_d,R,M,2019,0.000360315498468595
vtM_i_d,R,M,2020,0.0002877776363190379
vtM_i_d,R,O,2019,0.0
vtM_i_d,R,O,2020,0.0
vtM_i_d,R,P,2019,0.0
vtM_i_d,R,P,2020,0.0
vtM_i_d,R,Q,2019,0.0006379817323360394
vtM_i_d,R,Q,2020,0.0006347961647262856
vtM_i_d,R,S,2019,5.624092301249965e-6
vtM_i_d,R,S,2020,7.0753466520586715e-6
vtM_i_d,R,cGov,2019,3.7390185034324965e-5
vtM_i_d,R,cGov,2020,2.4504813717256138e-5
vtM_i_d,R,cHh,2019,0.035351734765112816
vtM_i_d,R,cHh,2020,0.01889979563543497
vtM_i_d,R,iM,2019,1.4590091529645987e-5
vtM_i_d,R,iM,2020,1.5577175379577956e-5
vtM_i_d,S,C,2019,0.0008904175911552391
vtM_i_d,S,C,2020,0.0010188233981134436
vtM_i_d,S,D,2019,0.0
vtM_i_d,S,D,2020,0.0
vtM_i_d,S,E,2019,0.0
vtM_i_d,S,E,2020,0.0
vtM_i_d,S,H,2019,0.0018140135840538053
vtM_i_d,S,H,2020,0.001968243319929055
vtM_i_d,S,I,2019,0.2462284713031893
vtM_i_d,S,I,2020,0.170116457788435
vtM_i_d,S,J,2019,0.0014313219043425795
vtM_i_d,S,J,2020,0.0025641654659973164
vtM_i_d,S,K,2019,0.001862721320554503
vtM_i_d,S,K,2020,0.0022315773763563096
vtM_i_d,S,M,2019,0.0005749268990002863
vtM_i_d,S,M,2020,0.00046835883340213386
vtM_i_d,S,N,2019,2.863332762811028e-5
vtM_i_d,S,N,2020,2.564199281019832e-5
vtM_i_d,S,O,2019,0.0
vtM_i_d,S,O,2020,0.0
vtM_i_d,S,P,2019,0.0
vtM_i_d,S,P,2020,0.0
vtM_i_d,S,Q,2019,0.00047472208273441634
vtM_i_d,S,Q,2020,0.0004994012583881321
vtM_i_d,S,S,2019,8.669128926638255e-6
vtM_i_d,S,S,2020,1.2541054205319716e-5
vtM_i_d,S,cGov,2019,9.405926959131641e-5
vtM_i_d,S,cGov,2020,0.0001103530859504473
vtM_i_d,S,cHh,2019,0.07443161042006222
vtM_i_d,S,cHh,2020,0.04340331305794534
vtM_i_d,S,iM,2019,0.002723111555988093
vtM_i_d,S,iM,2020,0.002712770414850784
vtY_i_Tax,A,,2019,1173.25629
vtY_i_Tax,A,,2020,1132.09768
vtY_i_Tax,B,,2019,0.0018
vtY_i_Tax,B,,2020,0.00246
vtY_i_Tax,C,,2019,0.12099
vtY_i_Tax,C,,2020,0.13863999999999999
vtY_i_Tax,F,,2019,0.05002
vtY_i_Tax,F,,2020,0.04907
vtY_i_Tax,H,,2019,0.027379999999999998
vtY_i_Tax,H,,2020,0.03308
vtY_i_Tax,I,,2019,0.8514299999999999
vtY_i_Tax,I,,2020,0.37745
vtY_i_Tax,J,,2019,0.00826
vtY_i_Tax,J,,2020,0.01902
vtY_i_Tax,K,,2019,0.27849
vtY_i_Tax,K,,2020,0.35293
vtY_i_Tax,L,,2019,0.06109
vtY_i_Tax,L,,2020,0.04034
vtY_i_Tax,M,,2019,0.26168
vtY_i_Tax,M,,2020,0.17786000000000002
vtY_i_Tax,N,,2019,0.12439
vtY_i_Tax,N,,2020,0.10286
vtY_i_Tax,Q,,2019,0.048909999999999995
vtY_i_Tax,Q,,2020,0.039990000000000005
vtY_i_Tax,R,,2019,0.0008100000000000001
vtY_i_Tax,R,,2020,0.0009699999999999999
vtY_i_Tax,S,,2019,0.01235
vtY_i_Tax,S,,2020,0.01308
vtY_i_d,A,A,2019,6.5000478512059745
vtY_i_d,A,A,2020,8.330450305246798
vtY_i_d,A,B,2019,0.00019472059773047626
vtY_i_d,A,B,2020,0.000282945009367378
vtY_i_d,A,C,2019,7.547835409733405e-6
vtY_i_d,A,C,2020,7.402083784509469e-6
vtY_i_d,A,F,2019,4.20638302670279e-5
vtY_i_d,A,F,2020,4.8794427045474816e-5
vtY_i_d,A,G,2019,0.0
vtY_i_d,A,G,2020,0.0
vtY_i_d,A,H,2019,3.941938523880002e-5
vtY_i_d,A,H,2020,4.242338531107645e-5
vtY_i_d,A,I,2019,0.0021175692518865664
vtY_i_d,A,I,2020,0.0016154963991253043
vtY_i_d,A,J,2019,0.006462623326789344
vtY_i_d,A,J,2020,0.008934744590863604
vtY_i_d,A,L,2019,0.013325719668422229
vtY_i_d,A,L,2020,0.01678240634816999
vtY_i_d,A,M,2019,0.019287088214679386
vtY_i_d,A,M,2020,0.018421238935498817
vtY_i_d,A,N,2019,0.005427527480065162
vtY_i_d,A,N,2020,0.004478081041635404
vtY_i_d,A,O,2019,-0.0
vtY_i_d,A,O,2020,-0.0
vtY_i_d,A,P,2019,0.0
vtY_i_d,A,P,2020,0.0
vtY_i_d,A,Q,2019,4.1145075856687976e-5
vtY_i_d,A,Q,2020,-9.730841739030333e-5
vtY_i_d,A,R,2019,0.0002763507396201557
vtY_i_d,A,R,2020,0.00035674933842523153
vtY_i_d,A,S,2019,0.00044739210162092344
vtY_i_d,A,S,2020,0.0005322878125518552
vtY_i_d,A,cHh,2019,0.20364048945474192
vtY_i_d,A,cHh,2020,0.10860091863058151
vtY_i_d,A,iM,2019,0.009456364357677218
vtY_i_d,A,iM,2020,0.009948054942713674
vtY_i_d,A,xOth,2019,2.460301746517938
vtY_i_d,A,xOth,2020,3.5803686490650093
vtY_i_d,B,A,2019,0.06050964240131179
vtY_i_d,B,A,2020,0.11523510231100952
vtY_i_d,B,C,2019,4.123941499944649e-8
vtY_i_d,B,C,2020,4.834611873108609e-8
vtY_i_d,B,F,2019,5.306217120840675e-7
vtY_i_d,B,F,2020,6.505923606063308e-7
vtY_i_d,B,G,2019,0.0
vtY_i_d,B,G,2020,0.0
vtY_i_d,B,H,2019,8.209423137703415e-8
vtY_i_d,B,H,2020,8.592239167347268e-8
vtY_i_d,B,energy,2019,0.0
vtY_i_d,B,energy,2020,0.0
vtY_i_d,C,A,2019,326.0696951684376
vtY_i_d,C,A,2020,756.6001588352344
vtY_i_d,C,B,2019,0.0008181239163497728
vtY_i_d,C,B,2020,0.0010506528885694424
vtY_i_d,C,C,2019,0.04625625356777053
vtY_i_d,C,C,2020,0.05132203916400178
vtY_i_d,C,F,2019,0.0013105873905101847
vtY_i_d,C,F,2020,0.0010767303568034775
vtY_i_d,C,G,2019,0.0
vtY_i_d,C,G,2020,0.0
vtY_i_d,C,H,2019,0.015307635744500685
vtY_i_d,C,H,2020,0.01743142565298569
vtY_i_d,C,I,2019,0.1082514935961762
vtY_i_d,C,I,2020,0.08204416926960509
vtY_i_d,C,K,2019,0.005983742448236049
vtY_i_d,C,K,2020,0.006646980434534642
vtY_i_d,C,L,2019,0.01478972343068326
vtY_i_d,C,L,2020,0.0156771847319498
vtY_i_d,C,M,2019,0.026738544286213237
vtY_i_d,C,M,2020,0.023595429240881805
vtY_i_d,C,N,2019,0.03858388501620174
vtY_i_d,C,N,2020,0.03412777541606568
vtY_i_d,C,O,2019,0.0
vtY_i_d,C,O,2020,0.0
vtY_i_d,C,P,2019,0.0
vtY_i_d,C,P,2020,0.0
vtY_i_d,C,Q,2019,0.04068518464578657
vtY_i_d,C,Q,2020,0.041256385009774584
vtY_i_d,C,R,2019,0.0009458356298869913
vtY_i_d,C,R,2020,0.0011813173143384982
vtY_i_d,C,S,2019,0.004514423693509185
vtY_i_d,C,S,2020,0.0052649742953002595
vtY_i_d,C,cGov,2019,0.21959046473148744
vtY_i_d,C,cGov,2020,0.19388853415390714
vtY_i_d,C,cHh,2019,0.41966860542117923
vtY_i_d,C,cHh,2020,0.17766168047651262
vtY_i_d,C,iM,2019,0.11444799050483431
vtY_i_d,C,iM,2020,0.09319967145639527
vtY_i_d,C,xOth,2019,2.845186924728317
vtY_i_d,C,xOth,2020,2.198243775634929
vtY_i_d,D,A,2019,0.41190298743061643
vtY_i_d,D,A,2020,1.2633957580643407
vtY_i_d,D,B,2019,1.1880029968575976e-5
vtY_i_d,D,B,2020,1.135432254415629e-5
vtY_i_d,D,C,2019,2.147176152863743e-8
vtY_i_d,D,C,2020,2.344054241507205e-8
vtY_i_d,D,F,2019,3.376683622353158e-7
vtY_i_d,D,F,2020,1.3011847212126618e-7
vtY_i_d,D,G,2019,0.0
vtY_i_d,D,G,2020,0.0
vtY_i_d,D,H,2019,4.1613282801462137e-7
vtY_i_d,D,H,2020,7.987600114830239e-7
vtY_i_d,D,energy,2019,0.0
vtY_i_d,D,energy,2020,0.0
vtY_i_d,E,A,2019,4.172978230182032
vtY_i_d,E,A,2020,8.70129781632041
vtY_i_d,E,B,2019,8.052877735438428e-5
vtY_i_d,E,B,2020,8.158526670515737e-5
vtY_i_d,E,C,2019,0.004271100432921641
vtY_i_d,E,C,2020,0.0045314846387325015
vtY_i_d,E,F,2019,3.135491935042217e-6
vtY_i_d,E,F,2020,4.163791107880518e-6
vtY_i_d,E,G,2019,0.0
vtY_i_d,E,G,2020,0.0
vtY_i_d,E,H,2019,8.03108049712572e-5
vtY_i_d,E,H,2020,9.459418861088799e-5
vtY_i_d,E,I,2019,0.07952699095593806
vtY_i_d,E,I,2020,0.06018315331764063
vtY_i_d,E,K,2019,0.0039052092812467366
vtY_i_d,E,K,2020,0.004582994377560847
vtY_i_d,E,L,2019,0.0021436077019927917
vtY_i_d,E,L,2020,0.002671870671487737
vtY_i_d,E,M,2019,0.01799486669278656
vtY_i_d,E,M,2020,0.015953081220181384
vtY_i_d,E,N,2019,0.010510094196565274
vtY_i_d,E,N,2020,0.009022400142290696
vtY_i_d,E,O,2019,0.0
vtY_i_d,E,O,2020,0.0
vtY_i_d,E,P,2019,-0.0
vtY_i_d,E,P,2020,-0.0
vtY_i_d,E,Q,2019,1.610208941868325e-5
vtY_i_d,E,Q,2020,-8.548111084483864e-5
vtY_i_d,E,R,2019,4.610885815935242e-6
vtY_i_d,E,R,2020,5.761674416332004e-6
vtY_i_d,E,cGov,2019,0.0009118755831348496
vtY_i_d,E,cGov,2020,0.0009484332244563777
vtY_i_d,E,iM,2019,0.014777802486145599
vtY_i_d,E,iM,2020,0.014256569181661467
vtY_i_d,E,xOth,2019,0.026662329821945788
vtY_i_d,E,xOth,2020,0.024529854480755946
vtY_i_d,F,C,2019,5.964378202399284e-7
vtY_i_d,F,C,2020,8.387319082892966e-7
vtY_i_d,F,F,2019,2.074248510874082e-6
vtY_i_d,F,F,2020,5.855331245456977e-7
vtY_i_d,F,G,2019,0.0
vtY_i_d,F,G,2020,0.0
vtY_i_d,F,H,2019,4.155666609016764e-6
vtY_i_d,F,H,2020,4.677996880000179e-6
vtY_i_d,G,A,2019,15.01586872939541
vtY_i_d,G,A,2020,30.00722064178688
vtY_i_d,G,B,2019,0.0001299618945844595
vtY_i_d,G,B,2020,0.00016597756542435993
vtY_i_d,G,C,2019,0.0005703291806859402
vtY_i_d,G,C,2020,0.0006495952991607334
vtY_i_d,G,G,2019,0.0
vtY_i_d,G,G,2020,0.0
vtY_i_d,G,H,2019,6.402500796739246e-5
vtY_i_d,G,H,2020,8.001602282362213e-5
vtY_i_d,G,K,2019,0.003446864324988134
vtY_i_d,G,K,2020,0.0032236106621228297
vtY_i_d,G,L,2019,0.0011018683055504404
vtY_i_d,G,L,2020,0.001383718649411566
vtY_i_d,G,M,2019,0.040891606362746566
vtY_i_d,G,M,2020,0.0345984197706224
vtY_i_d,G,N,2019,0.007678639431776819
vtY_i_d,G,N,2020,0.006623644313574397
vtY_i_d,G,O,2019,0.0
vtY_i_d,G,O,2020,0.0
vtY_i_d,G,P,2019,-0.0
vtY_i_d,G,P,2020,-0.0
vtY_i_d,G,Q,2019,-0.0004034773993766634
vtY_i_d,G,Q,2020,-0.0013955794745072686
vtY_i_d,G,R,2019,0.0005781402250667214
vtY_i_d,G,R,2020,0.0007307122316661436
vtY_i_d,G,S,2019,1.270338890036623e-5
vtY_i_d,G,S,2020,1.742552835674519e-5
vtY_i_d,G,cHh,2019,0.03830530940832406
vtY_i_d,G,cHh,2020,0.02392002552551467
vtY_i_d,G,iM,2019,0.012651060921431785
vtY_i_d,G,iM,2020,0.005066851823960427
vtY_i_d,H,A,2019,23.360367126087144
vtY_i_d,H,A,2020,56.3206324585863
vtY_i_d,H,B,2019,6.114337736473849e-5
vtY_i_d,H,B,2020,7.994155698782832e-5
vtY_i_d,H,C,2019,9.080885100716962e-5
vtY_i_d,H,C,2020,9.139504113484114e-5
vtY_i_d,H,F,2019,0.0011331667853242574
vtY_i_d,H,F,2020,0.001682887259180396
vtY_i_d,H,G,2019,0.0
vtY_i_d,H,G,2020,0.0
vtY_i_d,H,H,2019,0.0001302835451953532
vtY_i_d,H,H,2020,0.00014080134146639996
vtY_i_d,H,K,2019,0.10993945304681768
vtY_i_d,H,K,2020,0.133883929885238
vtY_i_d,H,L,2019,0.006291096161972288
vtY_i_d,H,L,2020,0.008336255346895501
vtY_i_d,H,M,2019,0.044885641643688995
vtY_i_d,H,M,2020,0.0377785092384503
vtY_i_d,H,N,2019,0.02098516347104387
vtY_i_d,H,N,2020,0.018475925868931643
vtY_i_d,H,O,2019,0.0
vtY_i_d,H,O,2020,0.0
vtY_i_d,H,P,2019,0.0
vtY_i_d,H,P,2020,0.0
vtY_i_d,H,Q,2019,-0.0008712713462690937
vtY_i_d,H,Q,2020,-0.00291165941937215
vtY_i_d,H,R,2019,8.332782603517561e-6
vtY_i_d,H,R,2020,8.877942967935093e-6
vtY_i_d,H,S,2019,0.0014133250553254994
vtY_i_d,H,S,2020,0.00112255765763425
vtY_i_d,H,cHh,2019,0.12931352295472262
vtY_i_d,H,cHh,2020,0.0839605924202917
vtY_i_d,H,iM,2019,0.015517492832309734
vtY_i_d,H,iM,2020,0.014396361615838559
vtY_i_d,I,A,2019,0.7851672875447325
vtY_i_d,I,A,2020,1.6572902896001551
vtY_i_d,I,C,2019,5.538351187942194e-7
vtY_i_d,I,C,2020,4.6771207287573434e-7
vtY_i_d,I,F,2019,1.0033574192135096e-5
vtY_i_d,I,F,2020,7.15651596666964e-6
vtY_i_d,I,G,2019,0.0
vtY_i_d,I,G,2020,0.0
vtY_i_d,I,H,2019,1.1323342258901262e-7
vtY_i_d,I,H,2020,9.865163488435752e-8
vtY_i_d,J,A,2019,52.42249224278466
vtY_i_d,J,A,2020,201.0789679816764
vtY_i_d,J,B,2019,0.00027691311945720546
vtY_i_d,J,B,2020,0.00033949710730655483
vtY_i_d,J,C,2019,0.004890600969972995
vtY_i_d,J,C,2020,0.005391725442238478
vtY_i_d,J,F,2019,0.007811619891951794
vtY_i_d,J,F,2020,0.009015258340921926
vtY_i_d,J,G,2019,0.0
vtY_i_d,J,G,2020,0.0
vtY_i_d,J,H,2019,0.00015586297535821113
vtY_i_d,J,H,2020,0.00012333363747026323
vtY_i_d,J,I,2019,0.0028450431093922043
vtY_i_d,J,I,2020,0.0017509452587804735
vtY_i_d,J,K,2019,0.019656828317115207
vtY_i_d,J,K,2020,0.022569027048757483
vtY_i_d,J,L,2019,0.005108040009366597
vtY_i_d,J,L,2020,0.006394119302657321
vtY_i_d,J,M,2019,0.10487560751613577
vtY_i_d,J,M,2020,0.08376028775637268
vtY_i_d,J,N,2019,0.006486426171070474
vtY_i_d,J,N,2020,0.005709886013347883
vtY_i_d,J,O,2019,0.0
vtY_i_d,J,O,2020,0.0
vtY_i_d,J,P,2019,0.0
vtY_i_d,J,P,2020,0.0
vtY_i_d,J,Q,2019,0.0004616073546420941
vtY_i_d,J,Q,2020,-0.00014211270259502397
vtY_i_d,J,R,2019,3.597136473762445e-6
vtY_i_d,J,R,2020,4.1724235601047085e-6
vtY_i_d,J,S,2019,3.0465635973692625e-6
vtY_i_d,J,S,2020,3.869655728792042e-6
vtY_i_d,J,cHh,2019,0.0865515899824171
vtY_i_d,J,cHh,2020,0.029402528925538154
vtY_i_d,J,iM,2019,0.00402738633687978
vtY_i_d,J,iM,2020,0.0034824271774171445
vtY_i_d,K,A,2019,14.286107861398866
vtY_i_d,K,A,2020,23.763573280208544
vtY_i_d,K,C,2019,0.010587755942894544
vtY_i_d,K,C,2020,0.011722625517014834
vtY_i_d,K,G,2019,0.0
vtY_i_d,K,G,2020,0.0
vtY_i_d,K,H,2019,1.3780507529082837e-5
vtY_i_d,K,H,2020,1.6442999917660495e-5
vtY_i_d,K,I,2019,0.00036204512908420125
vtY_i_d,K,I,2020,0.0002674577482714771
vtY_i_d,K,K,2019,0.033629318243209215
vtY_i_d,K,K,2020,0.03883015722806642
vtY_i_d,K,L,2019,0.0014236511446873224
vtY_i_d,K,L,2020,0.001697871037775125
vtY_i_d,K,M,2019,0.002206142941414025
vtY_i_d,K,M,2020,0.0010805589719317529
vtY_i_d,K,N,2019,0.0028955331967804657
vtY_i_d,K,N,2020,0.002583765769296144
vtY_i_d,K,O,2019,0.0
vtY_i_d,K,O,2020,0.0
vtY_i_d,K,P,2019,0.0
vtY_i_d,K,P,2020,-0.0
vtY_i_d,K,Q,2019,-3.7712788375337083e-6
vtY_i_d,K,Q,2020,-0.0007401104304099992
vtY_i_d,K,S,2019,9.48616073459033e-5
vtY_i_d,K,S,2020,0.00011311919175609459
vtY_i_d,K,cHh,2019,1.3366946699332434
vtY_i_d,K,cHh,2020,0.7723207760584483
vtY_i_d,K,iM,2019,0.005807625634304917
vtY_i_d,K,iM,2020,0.005346081859162459
vtY_i_d,K,xOth,2019,1.1654053697160005
vtY_i_d,K,xOth,2020,0.9604514768539779
vtY_i_d,L,A,2019,1179.8447107505513
vtY_i_d,L,A,2020,953.9350335836423
vtY_i_d,L,B,2019,0.00020861857367942418
vtY_i_d,L,B,2020,0.00021494208721676945
vtY_i_d,L,C,2019,0.005220616491522368
vtY_i_d,L,C,2020,0.005895852031497552
vtY_i_d,L,G,2019,0.0
vtY_i_d,L,G,2020,0.0
vtY_i_d,L,H,2019,1.221222462622501e-5
vtY_i_d,L,H,2020,1.4088089923646801e-5
vtY_i_d,L,I,2019,0.0013573872674543183
vtY_i_d,L,I,2020,0.0010079115143864024
vtY_i_d,L,K,2019,0.016506934976648766
vtY_i_d,L,K,2020,0.01697016809188999
vtY_i_d,L,L,2019,0.00532869352060311
vtY_i_d,L,L,2020,0.006957989306259652
vtY_i_d,L,M,2019,0.007222200740594857
vtY_i_d,L,M,2020,0.0025218228051286313
vtY_i_d,L,N,2019,0.0016194903981871938
vtY_i_d,L,N,2020,0.0014098105491857705
vtY_i_d,L,O,2019,0.0
vtY_i_d,L,O,2020,0.0
vtY_i_d,L,P,2019,-0.0
vtY_i_d,L,P,2020,-0.0
vtY_i_d,L,Q,2019,0.000102001086611422
vtY_i_d,L,Q,2020,-0.0007465649232118862
vtY_i_d,L,R,2019,7.845804944738663e-6
vtY_i_d,L,R,2020,1.0568222731713238e-5
vtY_i_d,L,S,2019,0.00040276201905640454
vtY_i_d,L,S,2020,0.0005097936269916742
vtY_i_d,L,cHh,2019,0.003679239981047286
vtY_i_d,L,cHh,2020,0.002018050475566354
vtY_i_d,L,xOth,2019,0.01795290929459216
vtY_i_d,L,xOth,2020,0.022722912626976746
vtY_i_d,M,A,2019,3515.9448491290127
vtY_i_d,M,A,2020,2790.0031560927755
vtY_i_d,M,B,2019,0.0002227403371367116
vtY_i_d,M,B,2020,0.00022957004324311592
vtY_i_d,M,C,2019,0.02113270298726838
vtY_i_d,M,C,2020,0.023285210730690765
vtY_i_d,M,G,2019,0.0
vtY_i_d,M,G,2020,0.0
vtY_i_d,M,H,2019,3.2591409856682556e-5
vtY_i_d,M,H,2020,4.2553860053988027e-5
vtY_i_d,M,I,2019,0.0013573872674543183
vtY_i_d,M,I,2020,0.0010079115143864024
vtY_i_d,M,K,2019,0.11554331287952631
vtY_i_d,M,K,2020,0.10939765695464514
vtY_i_d,M,L,2019,0.017315438840789642
vtY_i_d,M,L,2020,0.02264188748269811
vtY_i_d,M,M,2019,0.030455686318156504
vtY_i_d,M,M,2020,0.022827590487344913
vtY_i_d,M,N,2019,0.0031488066330447716
vtY_i_d,M,N,2020,0.0028257977330695522
vtY_i_d,M,O,2019,0.0
vtY_i_d,M,O,2020,0.0
vtY_i_d,M,P,2019,-0.0
vtY_i_d,M,P,2020,-0.0
vtY_i_d,M,Q,2019,0.0006115121572740987
vtY_i_d,M,Q,2020,-0.0007248103647825928
vtY_i_d,M,R,2019,2.5217034846069514e-5
vtY_i_d,M,R,2020,3.446532094733865e-5
vtY_i_d,M,S,2019,0.0004630644330429596
vtY_i_d,M,S,2020,0.0005741320883925735
vtY_i_d,M,cHh,2019,0.0005340864688344087
vtY_i_d,M,cHh,2020,0.0004826981434550255
vtY_i_d,M,iM,2019,0.007701905851237288
vtY_i_d,M,iM,2020,0.007372675924377073
vtY_i_d,M,xOth,2019,0.06102071992120722
vtY_i_d,M,xOth,2020,0.05845333133835031
vtY_i_d,N,A,2019,39.88168659715375
vtY_i_d,N,A,2020,126.64756780715622
vtY_i_d,N,B,2019,0.0002146446311022634
vtY_i_d,N,B,2020,0.0003764996641883374
vtY_i_d,N,C,2019,0.0057454326950214405
vtY_i_d,N,C,2020,0.006217051924075681
vtY_i_d,N,F,2019,0.013554393966825272
vtY_i_d,N,F,2020,0.01620521475492673
vtY_i_d,N,G,2019,0.0
vtY_i_d,N,G,2020,0.0
vtY_i_d,N,H,2019,3.2070536112773095e-5
vtY_i_d,N,H,2020,3.362747825235503e-5
vtY_i_d,N,J,2019,0.016960351508345326
vtY_i_d,N,J,2020,0.023674316523508775
vtY_i_d,N,K,2019,0.005260813597465896
vtY_i_d,N,K,2020,0.0057617374820144035
vtY_i_d,N,M,2019,0.00935374390617297
vtY_i_d,N,M,2020,0.008181304180737063
vtY_i_d,N,N,2019,0.1481875510418253
vtY_i_d,N,N,2020,0.12948170004816056
vtY_i_d,N,P,2019,0.0
vtY_i_d,N,P,2020,-0.0
vtY_i_d,N,Q,2019,0.0006756945207113765
vtY_i_d,N,Q,2020,0.000369222606982485
vtY_i_d,N,R,2019,4.513978472406412e-6
vtY_i_d,N,R,2020,6.005157124469894e-6
vtY_i_d,N,S,2019,0.00045108381088025337
vtY_i_d,N,S,2020,0.0002716971762637509
vtY_i_d,N,cHh,2019,0.06054656966021423
vtY_i_d,N,cHh,2020,0.0495846048068564
vtY_i_d,N,iM,2019,0.18147389087533505
vtY_i_d,N,iM,2020,0.18044630711909623
vtY_i_d,O,A,2019,23.285276846962635
vtY_i_d,O,A,2020,65.39068260230194
vtY_i_d,O,C,2019,9.522555827144917e-7
vtY_i_d,O,C,2020,8.006410268648044e-7
vtY_i_d,O,F,2019,0.00011707444502073018
vtY_i_d,O,F,2020,0.0001166512102567151
vtY_i_d,O,G,2019,0.0
vtY_i_d,O,G,2020,0.0
vtY_i_d,O,H,2019,4.7439142393666835e-5
vtY_i_d,O,H,2020,5.525764477845109e-5
vtY_i_d,O,I,2019,0.0007381885887402171
vtY_i_d,O,I,2020,0.0005749051598697184
vtY_i_d,O,L,2019,0.0013600041351280246
vtY_i_d,O,L,2020,0.0017562814434693413
vtY_i_d,O,M,2019,0.0015590497558938972
vtY_i_d,O,M,2020,0.0012772488466162313
vtY_i_d,O,N,2019,0.0034932456597036674
vtY_i_d,O,N,2020,0.003051928077775255
vtY_i_d,O,O,2019,0.0
vtY_i_d,O,O,2020,0.0
vtY_i_d,O,Q,2019,0.0010385282689457057
vtY_i_d,O,Q,2020,-0.002028283444212876
vtY_i_d,O,S,2019,1.1241567723915718e-5
vtY_i_d,O,S,2020,1.2166045433849701e-5
vtY_i_d,O,cGov,2019,0.002057030715552343
vtY_i_d,O,cGov,2020,0.001978930433457965
vtY_i_d,P,A,2019,0.21141923248651107
vtY_i_d,P,A,2020,0.49446334809814985
vtY_i_d,P,C,2019,6.134789008182122e-9
vtY_i_d,P,C,2020,1.8312923761775035e-9
vtY_i_d,P,F,2019,9.165284117815713e-6
vtY_i_d,P,F,2020,6.6360420781845744e-6
vtY_i_d,P,G,2019,0.0
vtY_i_d,P,G,2020,0.0
vtY_i_d,P,H,2019,5.610716089285575e-6
vtY_i_d,P,H,2020,5.740888688109064e-6
vtY_i_d,Q,A,2019,43.245439489197764
vtY_i_d,Q,A,2020,110.01809495183835
vtY_i_d,Q,C,2019,1.8062522948146e-5
vtY_i_d,Q,C,2020,1.8835574605936097e-5
vtY_i_d,Q,F,2019,0.00010829506760261198
vtY_i_d,Q,F,2020,0.00011040552359489435
vtY_i_d,Q,G,2019,0.0
vtY_i_d,Q,G,2020,0.0
vtY_i_d,Q,H,2019,0.0010406321386064144
vtY_i_d,Q,H,2020,0.0011138087809524236
vtY_i_d,Q,I,2019,0.5743631678296162
vtY_i_d,Q,I,2020,0.4602836048693357
vtY_i_d,Q,L,2019,0.0017521570808043104
vtY_i_d,Q,L,2020,0.002230415679225877
vtY_i_d,Q,M,2019,0.009073419695205217
vtY_i_d,Q,M,2020,0.007398965153720218
vtY_i_d,Q,N,2019,0.01373994904009703
vtY_i_d,Q,N,2020,0.012269704002468585
vtY_i_d,Q,O,2019,0.0
vtY_i_d,Q,O,2020,0.0
vtY_i_d,Q,Q,2019,0.00030288877674933636
vtY_i_d,Q,Q,2020,-0.0052158208376211455
vtY_i_d,Q,R,2019,6.047467557513439e-6
vtY_i_d,Q,R,2020,7.891854709310287e-6
vtY_i_d,Q,S,2019,0.00059738503233982
vtY_i_d,Q,S,2020,0.0003947610450706799
vtY_i_d,Q,cGov,2019,0.0006588483196129982
vtY_i_d,Q,cGov,2020,0.000641719809220645
vtY_i_d,Q,iM,2019,0.167916420517624
vtY_i_d,Q,iM,2020,0.16649932986268948
vtY_i_d,R,A,2019,3.0619337118736087
vtY_i_d,R,A,2020,13.597742072699122
vtY_i_d,R,B,2019,5.944259230135807e-5
vtY_i_d,R,B,2020,0.0001968178015529817
vtY_i_d,R,C,2019,3.8521362647210255e-5
vtY_i_d,R,C,2020,5.6536390754302364e-5
vtY_i_d,R,G,2019,0.0
vtY_i_d,R,G,2020,0.0
vtY_i_d,R,H,2019,0.0009854138600808823
vtY_i_d,R,H,2020,0.0010284305644262164
vtY_i_d,R,I,2019,0.0008757882951211284
vtY_i_d,R,I,2020,0.0007275538747191949
vtY_i_d,R,K,2019,0.020735734418840034
vtY_i_d,R,K,2020,0.023127710983897584
vtY_i_d,R,M,2019,0.00010240432602499844
vtY_i_d,R,M,2020,-0.00022178027508217458
vtY_i_d,R,N,2019,0.00231123990863811
vtY_i_d,R,N,2020,0.0019649700813532053
vtY_i_d,R,O,2019,0.0
vtY_i_d,R,O,2020,0.0
vtY_i_d,R,P,2019,0.0
vtY_i_d,R,P,2020,0.0
vtY_i_d,R,Q,2019,9.166891256776692e-6
vtY_i_d,R,Q,2020,-0.0002666837020404869
vtY_i_d,R,R,2019,1.6989507307689657e-6
vtY_i_d,R,R,2020,1.8227032127078275e-6
vtY_i_d,R,S,2019,0.00027710698575155997
vtY_i_d,R,S,2020,0.00033511472240459883
vtY_i_d,R,cGov,2019,0.012081120837905836
vtY_i_d,R,cGov,2020,0.010359351838810893
vtY_i_d,R,cHh,2019,0.27466453160925286
vtY_i_d,R,cHh,2020,0.200197544300227
vtY_i_d,S,A,2019,15.57430711589426
vtY_i_d,S,A,2020,39.605257072454776
vtY_i_d,S,B,2019,9.128215297063023e-5
vtY_i_d,S,B,2020,0.0002102166868939189
vtY_i_d,S,C,2019,7.190518032167951e-5
vtY_i_d,S,C,2020,9.052188092987968e-5
vtY_i_d,S,G,2019,0.0
vtY_i_d,S,G,2020,0.0
vtY_i_d,S,H,2019,0.0009863084041193356
vtY_i_d,S,H,2020,0.0010288219886549512
vtY_i_d,S,I,2019,0.0008757882951211284
vtY_i_d,S,I,2020,0.0007275538747191949
vtY_i_d,S,K,2019,0.023554942554214725
vtY_i_d,S,K,2020,0.026404093060465313
vtY_i_d,S,M,2019,0.0005173486500235974
vtY_i_d,S,M,2020,0.00047032270539286387
vtY_i_d,S,N,2019,0.024990347284639714
vtY_i_d,S,N,2020,0.021889616330117618
vtY_i_d,S,O,2019,0.0
vtY_i_d,S,O,2020,0.0
vtY_i_d,S,P,2019,0.0
vtY_i_d,S,P,2020,0.0
vtY_i_d,S,Q,2019,5.255778484817576e-5
vtY_i_d,S,Q,2020,-0.001023965787501152
vtY_i_d,S,R,2019,2.791978672230747e-6
vtY_i_d,S,R,2020,2.9277888518903884e-6
vtY_i_d,S,S,2019,0.0004156611148656654
vtY_i_d,S,S,2020,0.0005746130779038067
vtY_i_d,S,cGov,2019,0.004755559183425319
vtY_i_d,S,cGov,2020,0.0056526246401644034
vtY_i_d,S,iM,2019,0.0040262697482423065
vtY_i_d,S,iM,2020,0.005575552458660708
